Name; Median Time; Min Time; Max Time; Median Frame Index; Min Frame Index; Max Frame Index; Min Depth; Max Depth; Total Time; Mean Time; Time Lower Quartile; Time Upper Quartile; Count Total; Count Median; Count Min; Count Max; Number of frames containing Marker; First Frame Index; Time Min Individual; Time Max Individual; Min Individual Frame; Max Individual Frame; Time at Median Frame
"EditorLoop";2.0292;1.2302;453.088;18366;18477;18587;1;1;1087.36321091652;3.624544;1.751;2.335;1200;4;4;4;300;18288;0.0514;420.3244;18495;18587;2.0474
"PlayerLoop";1.3102;0.9683;15.4496;18506;18482;18587;1;1;416.445306360722;1.388151;1.2044;1.4404;901;3;3;4;300;18288;0.0001;14.1583;18299;18587;1.177
"VolumeManager.EvaluateVolumeDefaultState";0.9647;0.9647;0.9647;18587;18587;18587;4;4;0.964699983596802;0.9647;0.9647;0.9647;1;1;1;1;1;18587;0.9647;0.9647;18587;18587;0
"RenderPlayModeViewCameras";0.8956;0.6987;15.0565;18513;18482;18587;2;2;294.432598829269;0.981442;0.8239;1.0317;301;1;1;2;300;18288;0.6987;14.1582;18482;18587;0.8436
"UnityEngine.CoreModule.dll!UnityEngine.Rendering::RenderPipelineManager.DoRenderLoop_Internal() [Invoke]";0.8516;0.669;14.9449;18463;18482;18587;3;3;281.719399869442;0.9390647;0.7849;0.9844;301;1;1;2;300;18288;0.669;14.0965;18482;18587;0.8
"Inl_UniversalRenderTotal";0.8268;0.6517;2.4674;18319;18482;18587;4;4;262.033099710941;0.8734437;0.7627;0.9594;301;1;1;2;300;18288;0.6517;1.6449;18482;18587;0.7807
"Inl_RenderCameraStack";0.8114;0.6406;2.4265;18370;18482;18587;5;5;256.96699899435;0.8565567;0.7456;0.9394;301;1;1;2;300;18288;0.6406;1.6206;18482;18587;0.765
"Unity.RenderPipelines.Core.Runtime.dll!UnityEngine.Rendering::VolumeComponent.OnEnable() [Invoke]";0.7527;0.7527;0.7527;18587;18587;18587;4;5;0.75270003080368;0.7527;0.7527;0.7527;38;38;38;38;1;18587;0.0113;0.0413;18587;18587;0
"Inl_UniversalRenderPipeline.RenderSingleCameraInternal: Main Camera";0.4902;0.3874;1.7327;18294;18482;18587;6;6;156.432799547911;0.5214427;0.4447;0.5647;301;1;1;2;300;18288;0.3874;1.2427;18482;18587;0.4374
"UpdateScene";0.3801;0.2482;0.9241;18363;18455;18342;2;2;121.84569978714;0.4061523;0.3325;0.4587;300;1;1;1;300;18288;0.2482;0.9241;18455;18342;0.333
"Profiler.FlushCounters";0.3348;0.2489;0.6875;18430;18483;18563;1;1;105.696399629116;0.3523213;0.2873;0.4065;300;1;1;1;300;18288;0.2489;0.6875;18483;18563;0.4785
"Profiler.FlushMemoryCounters";0.315;0.2336;0.6682;18412;18446;18563;2;2;99.6931998729706;0.3323107;0.2696;0.3818;300;1;1;1;300;18288;0.2336;0.6682;18446;18563;0.4555
"Inl_ScriptableRenderContext.Submit";0.2717;0.2031;0.6373;18456;18466;18299;6;6;82.619299814105;0.2753977;0.2357;0.3037;301;1;1;2;300;18288;0.2031;0.6373;18466;18299;0.2783
"UniversalRenderPipeline.RenderSingleCameraInternal: Main Camera";0.2178;0.159;0.5865;18389;18480;18299;7;7;66.1761997640133;0.2205873;0.1875;0.2463;301;1;1;2;300;18288;0.159;0.5865;18480;18299;0.2294
"ExecuteRenderGraph";0.202;0.146;0.4578;18389;18400;18299;8;8;61.1136998534203;0.2037123;0.1711;0.2291;301;1;1;2;300;18288;0.146;0.4578;18400;18299;0.2148
"FixedUpdate.PhysicsFixedUpdate";0.1604;0.0926;0.2372;18431;18420;18540;3;3;9.23129993677139;0.1591603;0.1301;0.1836;58;1;1;1;58;18290;0.0926;0.2372;18420;18540;0
"UnityEditor.CoreModule.dll!UnityEditor::MaterialEditor.ApplyMaterialPropertyDrawersFromNative() [Invoke]";0.1566;0.1566;0.1566;18587;18587;18587;4;9;0.156600013375282;0.1566;0.1566;0.1566;87;87;87;87;1;18587;0.0007;0.0316;18587;18587;0
"Inl_ExecuteRenderGraph";0.1564;0.13;0.6585;18497;18482;18587;7;7;51.6973999887705;0.1723247;0.1464;0.1868;301;1;1;2;300;18288;0.13;0.4952;18482;18587;0.1487
"Physics.RunSimulationStage";0.1494;0.0841;0.2245;18431;18420;18540;4;4;8.52349999547005;0.1469569;0.1189;0.171;58;1;1;1;58;18290;0.0841;0.2245;18420;18540;0
"Physics.Simulate";0.1477;0.0823;0.2218;18431;18420;18342;5;5;8.40100000798702;0.1448448;0.1168;0.1681;58;1;1;1;58;18290;0.0823;0.2218;18420;18342;0
"PxScene.simulate";0.1465;0.0811;0.2201;18431;18420;18342;6;6;8.30159997940063;0.143131;0.1151;0.1656;58;1;1;1;58;18290;0.0811;0.2201;18420;18342;0
"Inl_RecordRenderGraph";0.1253;0.0977;0.5002;18337;18482;18587;7;7;41.113499879837;0.137045;0.1118;0.1546;301;1;1;2;300;18288;0.0977;0.3804;18482;18587;0.1098
"Inl_On Record Render Graph";0.118;0.0932;0.4795;18355;18482;18587;8;8;39.0908999368548;0.130303;0.106;0.1474;301;1;1;2;300;18288;0.0932;0.3665;18482;18587;0.1036
"Mono.JIT";0.1164;0.1164;0.1164;18587;18587;18587;9;9;0.116399995982647;0.1164;0.1164;0.1164;1;1;1;1;1;18587;0.1164;0.1164;18587;18587;0
"CullScriptable";0.0863;0.0655;0.2971;18443;18424;18577;7;7;27.5185999721289;0.09172866;0.0782;0.0973;301;1;1;2;300;18288;0.0655;0.2971;18424;18577;0.0794
"Draw Main Light Shadowmap";0.0532;0.0365;0.1101;18586;18480;18587;9;9;16.4278999902308;0.05475967;0.0463;0.0617;301;1;1;2;300;18288;0.0365;0.0995;18480;18310;0.0603
"MainLightShadow";0.0515;0.0352;0.107;18552;18480;18587;10;10;15.9537999518216;0.05317933;0.045;0.0599;301;1;1;2;300;18288;0.0352;0.0981;18480;18310;0.0587
"Inl_NRPRGComp_SetupContextData";0.0512;0.0512;0.0512;18587;18587;18587;8;8;0.0511999987065792;0.0512;0.0512;0.0512;1;1;1;1;1;18587;0.0512;0.0512;18587;18587;0
"Update.ScriptRunBehaviourUpdate";0.0506;0.03;0.2064;18538;18419;18314;3;3;17.5496998708695;0.058499;0.0386;0.0725;300;1;1;1;300;18288;0.03;0.2064;18419;18314;0.0378
"SceneCulling";0.0498;0.0378;0.1967;18517;18328;18584;8;8;15.9486999176443;0.05316233;0.0451;0.0561;301;1;1;2;300;18288;0.0378;0.1967;18328;18584;0.0476
"BehaviourUpdate";0.0497;0.0297;0.2061;18534;18419;18314;4;4;17.412299932912;0.058041;0.0382;0.0722;300;1;1;1;300;18288;0.0297;0.2061;18419;18314;0.0374
"RenderLoop.ScheduleDraw";0.0493;0.0325;0.1293;18328;18443;18571;10;11;15.5268999449909;0.05175633;0.0397;0.0601;1505;5;5;10;300;18288;0.0001;0.0641;18306;18571;0.0526
"Shadows.ExecuteDrawShadows";0.0483;0.0329;0.1004;18335;18480;18587;11;11;14.9194999039173;0.04973167;0.042;0.0561;602;2;2;4;300;18288;0.0095;0.0812;18374;18310;0.0552
"Unity.RenderPipelines.Universal.Runtime.dll!UnityEngine.Rendering.Universal::ColorCurves..ctor() [Invoke]";0.0396;0.0396;0.0396;18587;18587;18587;4;5;0.0395999997854233;0.0396;0.0396;0.0396;2;2;2;2;1;18587;0.0192;0.0204;18587;18587;0
"Shadows.ScheduleRenderJobs";0.0372;0.0236;0.0845;18456;18480;18310;12;12;11.5964999273419;0.038655;0.0319;0.0438;602;2;2;4;300;18288;0.0055;0.0752;18374;18310;0.0439
"DrawScreenSpaceUI";0.034;0.0228;0.1459;18317;18477;18315;9;9;10.6494999490678;0.03549833;0.0288;0.0406;602;2;2;4;300;18288;0.0051;0.1379;18477;18315;0.0398
"WaitForJobGroupID";0.0338;0.0183;0.1854;18510;18347;18584;8;13;10.9673999417573;0.036558;0.0297;0.0386;1525;5;2;11;300;18288;0.0005;0.158;18289;18584;0.0303
"PreUpdate.NewInputUpdate";0.0324;0.0077;0.0807;18452;18330;18504;3;3;8.84929994866252;0.02949767;0.0164;0.0385;300;1;1;1;300;18288;0.0077;0.0807;18330;18504;0.0392
"EarlyUpdate.PollPlayerConnection";0.0268;0.0151;0.1446;18531;18428;18318;3;3;8.22139996476471;0.02740467;0.0243;0.0299;300;1;1;1;300;18288;0.0151;0.1446;18428;18318;0.0259
"PlayerConnection.Poll";0.0264;0.0146;0.1442;18289;18455;18318;4;4;8.11679994128644;0.027056;0.0238;0.0297;300;1;1;1;300;18288;0.0146;0.1442;18455;18318;0.0256
"UnityEngine.IMGUIModule.dll!UnityEngine::GUIUtility.SetSkin() [Invoke]";0.0264;0.0132;0.144;18438;18323;18584;3;3;8.11789997667074;0.02705967;0.0221;0.0304;300;1;1;1;300;18288;0.0132;0.144;18323;18584;0.0275
"DrawOpaqueObjects";0.0261;0.0171;0.066;18565;18443;18571;9;9;8.11289996653795;0.027043;0.021;0.0314;301;1;1;2;300;18288;0.0171;0.066;18443;18571;0.028
"UI.RenderOverlays";0.0249;0.0172;0.1369;18520;18477;18315;10;10;7.90779994614422;0.02635933;0.021;0.0305;301;1;1;2;300;18288;0.0172;0.1369;18477;18315;0.0308
"UnityEngine.UI.dll!UnityEngine.EventSystems::EventSystem.Update() [Invoke]";0.0244;0.0139;0.1882;18547;18427;18314;5;5;11.3205999713391;0.03773533;0.0186;0.0548;300;1;1;1;300;18288;0.0139;0.1882;18427;18314;0.019
"CullResults.CreateSharedRendererScene";0.0237;0.0152;0.0548;18509;18378;18577;8;8;7.53739995881915;0.02512467;0.0213;0.0277;301;1;1;2;300;18288;0.0152;0.0548;18378;18577;0.0226
"UnityEngine.InputModule.dll!UnityEngineInternal.Input::NativeInputSystem.NotifyUpdate() [Invoke]";0.0234;0.0016;0.0543;18496;18327;18401;4;4;5.5434999698773;0.01847833;0.0039;0.0272;300;1;1;1;300;18288;0.0016;0.0543;18327;18401;0.0269
"Inl_NRPRGComp_ExecuteBeginRenderpassCommand";0.0233;0.0192;0.142;18429;18464;18298;8;8;7.8580000475049;0.02619333;0.0216;0.0279;1806;6;6;12;300;18288;0.0014;0.1171;18410;18298;0.0228
"Canvas.RenderOverlays";0.023;0.0163;0.1358;18347;18477;18315;11;11;7.45919997245073;0.024864;0.0198;0.0287;301;1;1;2;300;18288;0.0163;0.1358;18477;18315;0.0296
"InputUpdate";0.0225;0.0012;0.0527;18345;18483;18401;5;5;5.21769996953662;0.01739233;0.0029;0.0261;300;1;1;1;300;18288;0.0012;0.0527;18483;18401;0.0256
"CopyDepth";0.0224;0.015;0.0549;18289;18336;18587;9;10;6.99339993111789;0.02331133;0.0194;0.0265;602;2;2;4;300;18288;0.0071;0.0211;18424;18547;0.0232
"Inl_CopyDepth";0.0219;0.0167;0.0675;18379;18489;18587;8;9;7.13369994238019;0.023779;0.0198;0.026;602;2;2;4;300;18288;0.0079;0.0321;18489;18425;0.0204
"Shadows.PrepareDrawShadows";0.0217;0.0138;0.0995;18415;18482;18429;7;7;6.81149996537715;0.022705;0.019;0.0244;602;2;2;4;300;18288;0.0039;0.087;18572;18429;0.0161
"Shadows.DrawSRPBatcher";0.0214;0.0131;0.0552;18319;18466;18573;13;13;6.65499997418374;0.02218333;0.0178;0.0254;602;2;2;4;300;18288;0.0027;0.0498;18466;18573;0.0253
"Profiler.CollectEditorStats";0.0213;0.0143;0.0714;18581;18446;18530;1;1;6.504099952057;0.02168033;0.0184;0.024;300;1;1;1;300;18288;0.0143;0.0714;18446;18530;0.0214
"Material.SetPassFast";0.0207;0.0145;0.1287;18318;18477;18315;11;12;6.54619996715337;0.02182067;0.0174;0.0252;903;3;3;6;300;18288;0.0037;0.1191;18446;18315;0.0264
"PostLateUpdate.PlayerUpdateCanvases";0.0207;0.0137;0.1708;18570;18330;18434;3;3;6.88449995592237;0.02294833;0.0176;0.0254;300;1;1;1;300;18288;0.0137;0.1708;18330;18434;0.0198
"EndRenderQueueExtraction";0.0203;0.0118;0.0815;18363;18329;18428;8;9;6.2929999474436;0.02097667;0.0172;0.0231;602;2;2;4;300;18288;0.003;0.0744;18572;18428;0.0155
"RenderLoop.DrawSRPBatcher";0.0203;0.0131;0.0456;18440;18416;18556;12;12;6.31479996908456;0.02104933;0.0161;0.0244;301;1;1;2;300;18288;0.0131;0.0456;18416;18556;0.0217
"Profiler.CollectUIStats";0.0198;0.0131;0.0697;18387;18489;18530;2;2;6.03509996924549;0.020117;0.0169;0.0222;300;1;1;1;300;18288;0.0131;0.0697;18489;18530;0.0195
"Idle";0.0196;0.001;0.0853;18428;18550;18458;9;11;0.166599998134188;0.03332;0.0174;0.0433;5;1;1;1;5;18341;0.001;0.0853;18550;18458;0
"CullSendEvents";0.0187;0.0041;0.163;18398;18318;18584;9;9;6.16749997390434;0.02055833;0.0161;0.0215;301;1;1;2;300;18288;0.0041;0.163;18318;18584;0.0167
"UIEvents.WillRenderCanvases";0.0184;0.012;0.1687;18448;18387;18434;4;4;6.16389996837825;0.02054633;0.0158;0.0227;300;1;1;1;300;18288;0.012;0.1687;18387;18434;0.0178
"UGUI.Rendering.UpdateBatches";0.0183;0.0118;0.1685;18341;18387;18434;5;5;6.11809997446835;0.02039367;0.0157;0.0226;300;1;1;1;300;18288;0.0118;0.1685;18387;18434;0.0178
"UnsafeUtility.Malloc";0.0178;0.0178;0.0178;18587;18587;18587;9;9;0.0177999995648861;0.0178;0.0178;0.0178;38;38;38;38;1;18587;0.0002;0.0015;18587;18587;0
"Unity.RenderPipelines.Universal.Runtime.dll!UnityEngine.Rendering.Universal::ScreenSpaceLensFlare..ctor() [Invoke]";0.0167;0.0167;0.0167;18587;18587;18587;4;5;0.0166999995708466;0.0167;0.0167;0.0167;2;2;2;2;1;18587;0.0063;0.0104;18587;18587;0
"Inl_Setup Camera Properties";0.0165;0.0138;0.0396;18521;18482;18587;8;8;5.38579996675253;0.01795267;0.0154;0.0199;602;2;2;4;300;18288;0.0047;0.0228;18294;18475;0.0138
"SRPBRender.ApplyShader";0.0165;0.0105;0.0404;18578;18443;18556;13;13;5.19759998377413;0.01732533;0.013;0.0201;301;1;1;2;300;18288;0.0105;0.0404;18443;18556;0.0184
"Canvas.BuildBatch";0.0159;0.0142;0.0597;18355;18347;18342;6;6;0.452200001105666;0.01884167;0.0149;0.0184;24;1;1;1;24;18342;0.0142;0.0597;18347;18342;0
"EditorResources.Load";0.0159;0.0076;0.0308;18374;18323;18567;4;4;4.84749996569008;0.01615833;0.0134;0.0183;300;1;1;1;300;18288;0.0076;0.0308;18323;18567;0.0158
"CullAllVisibleLights";0.0157;0.0111;0.0666;18308;18324;18318;9;9;5.04019998107105;0.01680067;0.0137;0.0184;301;1;1;2;300;18288;0.0111;0.0666;18324;18318;0.015
"DrawSkybox";0.015;0.0104;0.0464;18552;18442;18328;9;9;4.7867999766022;0.015956;0.0132;0.018;301;1;1;2;300;18288;0.0104;0.0464;18442;18328;0.0152
"SRPBShadow.ApplyShader";0.0148;0.009;0.0473;18352;18443;18573;14;14;4.71649998892099;0.01572167;0.0123;0.0183;602;2;2;4;300;18288;0.0018;0.0437;18511;18573;0.0182
"Inl_Setup Forward Lights";0.0145;0.0118;0.0423;18383;18489;18587;8;8;4.75189997814596;0.01583967;0.0134;0.0176;301;1;1;2;300;18288;0.0118;0.0291;18489;18447;0.013
"CopyColor";0.0144;0.009099999;0.2967;18538;18416;18299;9;10;4.79649998620152;0.01598833;0.0117;0.018;602;2;2;4;300;18288;0.0044;0.1491;18416;18299;0.0161
"UpdateScreenManagerAndInput";0.0143;0.0025;0.2735;18352;18581;18566;3;3;4.87619997211732;0.016254;0.0119;0.0171;300;1;1;1;300;18288;0.0025;0.2735;18581;18566;0.0139
"Inl_NRPRGComp_TryMergeNativePasses";0.014;0.014;0.014;18587;18587;18587;8;8;0.0139999995008111;0.014;0.014;0.014;1;1;1;1;1;18587;0.014;0.014;18587;18587;0
"Inl_UniversalRenderPipeline.CreateCameraData";0.0137;0.0101;0.1006;18433;18424;18575;6;6;4.51999996509403;0.01506667;0.0122;0.0158;301;1;1;2;300;18288;0.0101;0.1006;18424;18575;0.0108
"EditorConnection.CheckForIncomingConnections";0.0137;0.0076;0.1325;18582;18351;18318;5;5;4.29829996731132;0.01432767;0.0123;0.0153;300;1;1;1;300;18288;0.0076;0.1325;18351;18318;0.014
"Inl_Setup Light Constants";0.0134;0.0111;0.039;18321;18410;18587;9;9;4.4267999753356;0.014756;0.0124;0.0162;301;1;1;2;300;18288;0.0111;0.0277;18410;18447;0.0122
"Camera.RenderSkybox";0.0132;0.0091;0.0445;18552;18442;18328;10;10;4.21289998106658;0.014043;0.0117;0.0159;301;1;1;2;300;18288;0.0091;0.0445;18442;18328;0.0135
"Inl_UniversalRenderPipeline.CreateRenderingData";0.0128;0.0092;0.0879;18349;18477;18555;7;7;4.13439997844398;0.01378133;0.0112;0.0149;301;1;1;2;300;18288;0.0092;0.0879;18477;18555;0.0121
"Unity.RenderPipelines.Universal.Runtime.dll!UnityEngine.Rendering.Universal::ShadowsMidtonesHighlights..ctor() [Invoke]";0.0128;0.0128;0.0128;18587;18587;18587;4;5;0.0127999996766448;0.0128;0.0128;0.0128;2;2;2;2;1;18587;0.0043;0.0085;18587;18587;0
"PostLateUpdate.UpdateAudio";0.0126;0.007;0.0513;18302;18497;18556;3;3;4.02369997045025;0.01341233;0.0108;0.0151;300;1;1;1;300;18288;0.007;0.0513;18497;18556;0.0136
"Inl_UniversalRenderPipeline.ComputeShadowCasterCullingInfos";0.0122;0.0091;0.0979;18415;18328;18432;7;7;4.24959998205304;0.01416533;0.0109;0.0162;301;1;1;2;300;18288;0.0091;0.0979;18328;18432;0.0115
"Inl_ScriptableRenderer.SetPerCameraShaderVariables";0.0121;0.0094;0.0279;18299;18328;18587;9;9;3.91089997440577;0.01303633;0.0111;0.0143;602;2;2;4;300;18288;0.0032;0.0186;18294;18475;0.0098
"Setup Camera Properties";0.0117;0.008099999;0.0349;18396;18424;18563;9;9;3.68599998019636;0.01228667;0.0105;0.0131;602;2;2;4;300;18288;0.0026;0.0285;18356;18566;0.0118
"AudioManager.Update";0.0116;0.0063;0.0497;18432;18497;18556;4;4;3.70369998179376;0.01234567;0.0098;0.0139;300;1;1;1;300;18288;0.0063;0.0497;18497;18556;0.012
"VolumeManager.ReplaceData";0.0116;0.0116;0.0116;18587;18587;18587;8;8;0.0115999998524785;0.0116;0.0116;0.0116;1;1;1;1;1;18587;0.0116;0.0116;18587;18587;0
"Inl_NRPRGComp_BuildGraph";0.0112;0.0112;0.0112;18587;18587;18587;8;8;0.0111999996006489;0.0112;0.0112;0.0112;1;1;1;1;1;18587;0.0112;0.0112;18587;18587;0
"EngineJob";0.0111;0.0008;0.1602;18483;18401;18584;10;14;3.71839998214273;0.01239467;0.0084;0.014;1064;3;1;11;300;18288;0;0.1528;18392;18584;0.0084
"Inl_Draw Main Light Shadowmap";0.0111;0.0089;0.0532;18342;18419;18330;8;8;3.76209997851402;0.01254033;0.0101;0.0137;301;1;1;2;300;18288;0.0089;0.0532;18419;18330;0.0104
"EditorConnection.PollAllCustomMessages";0.0111;0.0058;0.0164;18372;18455;18544;5;5;3.37919997703284;0.011264;0.0099;0.0125;300;1;1;1;300;18288;0.0058;0.0164;18455;18544;0.0105
"PreUpdate.SendMouseEvents";0.0109;0.0051;0.0746;18530;18490;18314;3;3;4.80959997465834;0.016032;0.0081;0.0214;300;1;1;1;300;18288;0.0051;0.0746;18490;18314;0.007
"PhysX.ScScene.postBroadPhase2";0.0108;0.0048;0.0158;18374;18580;18451;7;7;0.624599995091558;0.01076897;0.0098;0.0116;58;1;1;1;58;18290;0.0048;0.0158;18580;18451;0
"Inl_NRPRGComp_ExecuteInitializeResources";0.0108;0.008299999;0.1415;18578;18357;18587;8;8;3.68519980553538;0.012284;0.009699999;0.0129;4515;15;15;30;300;18288;0;0.0763;18288;18576;0.0097
"Monobehaviour.OnMouse_";0.0107;0.0051;0.0745;18538;18490;18314;4;4;4.77579997619614;0.01591933;0.008;0.0213;300;1;1;1;300;18288;0.0051;0.0745;18490;18314;0.0069
"FindObjectsOfType";0.0106;0.0106;0.0106;18587;18587;18587;4;4;0.0105999996885657;0.0106;0.0106;0.0106;1;1;1;1;1;18587;0.0106;0.0106;18587;18587;0
"UnityEngine.UIModule.dll!UnityEngine::Canvas.SendWillRenderCanvases() [Invoke]";0.0102;0.0063;0.1608;18575;18387;18434;6;6;3.37199997249991;0.01124;0.0088;0.0122;300;1;1;1;300;18288;0.0063;0.1608;18387;18434;0.0105
"Inl_NRPRGComp_ExecuteDestroyResources";0.01;0.008099999;0.03059999;18307;18512;18559;8;8;3.25609989650548;0.01085367;0.0093;0.0114;4515;15;15;30;300;18288;0.0001;0.0197;18290;18559;0.0105
"Inl_Initialize Frame";0.0099;0.0075;0.1504;18335;18472;18587;8;8;3.3437999826856;0.011146;0.0092;0.0117;301;1;1;2;300;18288;0.0075;0.1415;18472;18587;0.0092
"Profiler.FlushCountersWithFlushOnEndOfFrame";0.0099;0.0061;0.0608;18438;18322;18530;2;2;2.9395999815315;0.009798666;0.0076;0.0113;300;1;1;1;300;18288;0.0061;0.0608;18322;18530;0.0122
"UnityEngine.InputLegacyModule.dll!UnityEngine::SendMouseEvents.DoSendMouseEvents() [Invoke]";0.0099;0.0046;0.074;18538;18490;18314;5;5;4.55009997263551;0.015167;0.0073;0.0205;300;1;1;1;300;18288;0.0046;0.074;18490;18314;0.0059
"AssetDatabase.GetGUIDFromAssetPathV2";0.0098;0.005;0.0206;18395;18323;18567;5;5;3.04789998754859;0.01015967;0.0085;0.0114;600;2;2;2;300;18288;0.001;0.0171;18483;18567;0.01
"Inl_ComputeHashRenderGraph";0.0098;0.0077;0.0689;18551;18318;18584;7;7;3.36219997610897;0.01120733;0.0092;0.012;301;1;1;2;300;18288;0.0077;0.0689;18318;18584;0.0096
"Inl_CompileRenderGraph";0.0094;0.0068;0.1306;18371;18415;18561;7;7;3.21220000041649;0.01070733;0.0087;0.0108;301;1;1;2;300;18288;0.0068;0.1306;18415;18561;0.0076
"Physics.FetchPhysXResults";0.0094;0.0069;0.0261;18485;18415;18319;7;7;0.575599995441735;0.009924138;0.0085;0.0104;58;1;1;1;58;18290;0.0069;0.0261;18415;18319;0
"Inl_BlitFinalToBackBuffer";0.0093;0.0068;0.0475;18431;18415;18536;8;8;3.10609997063875;0.01035367;0.0085;0.0111;301;1;1;2;300;18288;0.0068;0.0475;18415;18536;0.0089
"Inl_MainLightShadow";0.0092;0.0073;0.0509;18484;18400;18330;9;9;3.14409998664632;0.01048033;0.0084;0.0111;301;1;1;2;300;18288;0.0073;0.0509;18400;18330;0.0087
"Profiler.CollectLegacyStats";0.0088;0.0057;0.0539;18507;18473;18316;2;2;2.80829999595881;0.009361;0.0076;0.0105;300;1;1;1;300;18288;0.0057;0.0539;18473;18316;0.0098
"Inl_UpdateVolumeFramework";0.008;0.0059;0.0324;18399;18324;18587;6;6;2.51429998828098;0.008381;0.0073;0.009;301;1;1;2;300;18288;0.0059;0.0237;18324;18587;0.0071
"Unity.RenderPipelines.Core.Runtime.dll!UnityEngine.Rendering::DebugUpdater.Update() [Invoke]";0.008;0.0057;0.0156;18426;18419;18413;5;5;2.57169999042526;0.008572333;0.0072;0.0096;300;1;1;1;300;18288;0.0057;0.0156;18419;18413;0.0077
"Inl_NRPRGComp_FindResourceUsageRanges";0.0079;0.0079;0.0079;18587;18587;18587;8;8;0.00789999961853027;0.0079;0.0079;0.0079;1;1;1;1;1;18587;0.0079;0.0079;18587;18587;0
"Unity.RenderPipelines.Universal.Runtime.dll!UnityEngine.Rendering.Universal::Bloom..ctor() [Invoke]";0.0079;0.0079;0.0079;18587;18587;18587;4;5;0.00789999961853027;0.0079;0.0079;0.0079;2;2;2;2;1;18587;0.0031;0.0048;18587;18587;0
"BeginRenderQueueExtraction";0.0078;0.0059;0.0223;18427;18408;18316;8;9;2.49769998854026;0.008325666;0.0071;0.0088;602;2;2;4;300;18288;0.0023;0.0177;18398;18316;0.0069
"Mesh.AwakeFromLoad";0.0075;0.0075;0.0075;18587;18587;18587;4;4;0.00749999983236194;0.0075;0.0075;0.0075;1;1;1;1;1;18587;0.0075;0.0075;18587;18587;0
"Unity.RenderPipelines.Universal.Runtime.dll!UnityEngine.Rendering.Universal::DepthOfField..ctor() [Invoke]";0.0074;0.0074;0.0074;18587;18587;18587;4;5;0.00740000046789646;0.0074;0.0074;0.0074;2;2;2;2;1;18587;0.0031;0.0043;18587;18587;0
"Gfx.EndAsyncJobFrame";0.0073;0.0045;0.021;18310;18475;18363;3;5;2.2504999707453;0.007501666;0.0066;0.0081;901;3;3;4;300;18288;0.0003;0.0196;18296;18363;0.0071
"PlayerEndOfFrame";0.007;0.0013;0.0229;18584;18442;18547;3;3;2.11429998837411;0.007047667;0.0065;0.0079;301;1;1;2;300;18288;0.0013;0.0229;18442;18547;0.0089
"Unity.RenderPipelines.Core.Runtime.dll!UnityEngine.Rendering::ProbeVolumesOptions..ctor() [Invoke]";0.007;0.007;0.007;18587;18587;18587;4;5;0.00699999975040555;0.007;0.007;0.007;2;2;2;2;1;18587;0.0035;0.0035;18587;18587;0
"Audio.FMODSystemUpdate";0.0069;0.0036;0.015;18577;18497;18580;5;5;2.15459998417646;0.007182;0.006;0.008;300;1;1;1;300;18288;0.0036;0.015;18497;18580;0.0071
"UnityEngine.InputModule.dll!UnityEngineInternal.Input::NativeInputSystem.NotifyBeforeUpdate() [Invoke]";0.0068;0.0033;0.0212;18410;18330;18547;4;4;2.06929999007843;0.006897666;0.0057;0.0077;300;1;1;1;300;18288;0.0033;0.0212;18330;18547;0.0077
"WaitForRenderJobs";0.0068;0.0042;0.0206;18544;18425;18363;4;6;2.12309996550903;0.007077;0.0062;0.007699999;901;3;3;4;300;18288;0.0003;0.0194;18296;18363;0.0068
"UnityEngine.CoreModule.dll!::UpdateFunction.Invoke() [Invoke]";0.0068;0.0044;0.0852;18566;18490;18331;4;4;2.23449996812269;0.007448333;0.0059;0.0077;900;3;3;3;300;18288;0.0005;0.0828;18382;18331;0.0059
"Inl_CopyColor";0.0067;0.0051;0.0262;18421;18442;18308;8;9;2.2212999840267;0.007404333;0.0062;0.0081;602;2;2;4;300;18288;0.0021;0.0136;18424;18308;0.0064
"Physics.PublishResultsStage";0.0067;0.0047;0.0306;18525;18420;18550;4;4;0.421099997591227;0.007260345;0.0062;0.0075;58;1;1;1;58;18290;0.0047;0.0306;18420;18550;0
"Inl_UniversalRenderPipeline.SetupPerCameraShaderConstants";0.0066;0.0042;0.0451;18382;18376;18314;7;7;2.11639998853207;0.007054667;0.0057;0.0076;301;1;1;2;300;18288;0.0042;0.0451;18376;18314;0.0047
"Inl_ScriptableRenderer.ClearRenderingState";0.0063;0.005;0.0215;18392;18415;18296;9;9;2.02819998888299;0.006760667;0.0058;0.0074;301;1;1;2;300;18288;0.005;0.0215;18415;18296;0.0058
"Physics.SwapPhysXBuffersJob";0.0063;0.0048;0.0219;18574;18415;18319;8;8;0.39769999589771;0.006856896;0.0059;0.0071;58;1;1;1;58;18290;0.0048;0.0219;18415;18319;0
"PreLateUpdate.EndGraphicsJobsAfterScriptUpdate";0.0062;0.0038;0.02;18555;18475;18363;3;3;1.94539998983964;0.006484667;0.0056;0.007;300;1;1;1;300;18288;0.0038;0.02;18475;18363;0.0057
"EndGraphicsJobs";0.0062;0.0036;0.0199;18357;18475;18363;3;4;1.93519993312657;0.006450667;0.0056;0.007;900;3;3;3;300;18288;0;0.0198;18288;18363;0.0056
"PostLateUpdate.UpdateCustomRenderTextures";0.0061;0.0017;0.0121;18509;18347;18339;3;3;1.90569998789579;0.006352333;0.0054;0.0072;300;1;1;1;300;18288;0.0017;0.0121;18347;18339;0.0072
"Unity.RenderPipelines.Universal.Runtime.dll!UnityEngine.Rendering.Universal::Tonemapping..ctor() [Invoke]";0.0061;0.0061;0.0061;18587;18587;18587;4;5;0.00609999988228083;0.0061;0.0061;0.0061;2;2;2;2;1;18587;0.0028;0.0033;18587;18587;0
"Shadows.CullDirectionalShadowCasters";0.006;0.0037;0.0563;18337;18314;18318;10;10;1.99749999330379;0.006658333;0.0054;0.0071;301;1;1;2;300;18288;0.0037;0.0563;18314;18318;0.0062
"GUI.Repaint";0.0059;0.0036;0.0204;18295;18477;18523;10;10;1.83129999460652;0.006104333;0.005;0.007;301;1;1;2;300;18288;0.0036;0.0204;18477;18523;0.0062
"EarlyUpdate.UpdatePreloading";0.0059;0.0014;0.0364;18375;18307;18434;3;3;1.78129998920485;0.005937667;0.0053;0.0065;300;1;1;1;300;18288;0.0014;0.0364;18307;18434;0.0061
"Inl_UniversalRenderPipeline.InitializeStackedCameraData";0.0059;0.0044;0.0893;18412;18457;18575;7;7;2.04419999709353;0.006814;0.0052;0.0069;301;1;1;2;300;18288;0.0044;0.0893;18457;18575;0.0047
"Loading.UpdatePreloading";0.0058;0.0013;0.0363;18394;18307;18434;4;4;1.74999998731073;0.005833333;0.0052;0.0064;300;1;1;1;300;18288;0.0013;0.0363;18307;18434;0.006
"Inl_UniversalRenderPipeline.InitializeAdditionalCameraData";0.0058;0.0042;0.159;18522;18328;18547;6;6;2.11279998673126;0.007042666;0.0052;0.0073;301;1;1;2;300;18288;0.0042;0.159;18328;18547;0.0046
"Profiler.CollectPhysicsStats";0.0058;0.004;0.008;18580;18420;18550;4;4;0.333799998741597;0.005755173;0.0048;0.0065;58;1;1;1;58;18290;0.004;0.008;18420;18550;0
"Physics.Raycast";0.0057;0.0019;0.0168;18358;18355;18288;6;6;0.868599989684299;0.007178512;0.0038;0.0105;121;1;1;1;121;18288;0.0019;0.0168;18355;18288;0
"Unity.RenderPipelines.Universal.Runtime.dll!UnityEngine.Rendering.Universal::MotionBlur..ctor() [Invoke]";0.0057;0.0057;0.0057;18587;18587;18587;4;5;0.00570000009611249;0.0057;0.0057;0.0057;2;2;2;2;1;18587;0.0023;0.0034;18587;18587;0
"CustomRenderTextures.Update";0.0056;0.0014;0.0108;18402;18347;18518;4;4;1.72569998900872;0.005752333;0.005;0.0066;300;1;1;1;300;18288;0.0014;0.0108;18347;18518;0.0066
"PhysX.FinalizeUpdateTask";0.0055;0.0041;0.0075;18352;18332;18565;7;7;0.32249999884516;0.005560345;0.005;0.0059;58;1;1;1;58;18290;0.0041;0.0075;18332;18565;0
"InputSystemPlayerLoopRunnerInitializationSystem";0.0055;0.0034;0.084;18422;18484;18331;3;3;1.79789998801425;0.005993;0.005;0.0062;300;1;1;1;300;18288;0.0034;0.084;18484;18331;0.0044
"VolumeManager.Update";0.0055;0.0041;0.0255;18422;18458;18587;7;7;1.7259999923408;0.005753333;0.005;0.0062;301;1;1;2;300;18288;0.0041;0.0196;18458;18587;0.0047
"FixedUpdate.ScriptRunBehaviourFixedUpdate";0.0054;0.0039;0.0143;18355;18457;18545;3;3;0.335100000258535;0.005777586;0.0048;0.0062;58;1;1;1;58;18290;0.0039;0.0143;18457;18545;0
"UpdatePreloading";0.0054;0.001;0.0359;18443;18307;18434;5;5;1.63819999259431;0.005460666;0.0048;0.006;300;1;1;1;300;18288;0.001;0.0359;18307;18434;0.0057
"Unity.RenderPipelines.Universal.Runtime.dll!UnityEngine.Rendering.Universal::ChannelMixer..ctor() [Invoke]";0.0054;0.0054;0.0054;18587;18587;18587;4;5;0.00540000014007092;0.0054;0.0054;0.0054;2;2;2;2;1;18587;0.0022;0.0032;18587;18587;0
"SRPBatcher.Flush";0.0053;0.003;0.0127;18510;18466;18415;13;14;1.68110000295565;0.005603667;0.0045;0.0064;903;3;3;6;300;18288;0.0004;0.0105;18304;18415;0.0057
"PhysX.ScScene.updateDynamics";0.0053;0.0015;0.0099;18385;18347;18520;7;7;0.282599997124635;0.004872414;0.0026;0.0064;58;1;1;1;58;18290;0.0015;0.0099;18347;18520;0
"Inl_UniversalRenderPipeline.CreateShadowData";0.0052;0.0037;0.0121;18419;18444;18587;8;8;1.68079998693429;0.005602667;0.0047;0.0062;301;1;1;2;300;18288;0.0037;0.0102;18444;18574;0.0046
"Application.Integrate Assets in Background";0.0051;0.0008;0.0356;18297;18307;18434;6;6;1.52869999100221;0.005095667;0.0045;0.0056;300;1;1;1;300;18288;0.0008;0.0356;18307;18434;0.0053
"InputActionCallback";0.005;0.0036;0.011;18335;18496;18401;6;6;0.96089999563992;0.005250819;0.0046;0.0057;183;1;1;1;183;18333;0.0036;0.011;18496;18401;0.0051
"FixedBehaviourUpdate";0.0049;0.0035;0.014;18360;18302;18545;4;4;0.309799998532981;0.005341379;0.0044;0.0058;58;1;1;1;58;18290;0.0035;0.014;18302;18545;0
"CullShadowCastersScriptable";0.0049;0.0028;0.0116;18405;18580;18536;7;7;1.53649999271147;0.005121666;0.0043;0.0058;301;1;1;2;300;18288;0.0028;0.0116;18580;18536;0.0047
"Physics.SendEvents";0.0049;0.0028;0.0281;18480;18420;18550;5;5;0.31129999877885;0.005367241;0.0044;0.0056;58;1;1;1;58;18290;0.0028;0.0281;18420;18550;0
"PreLateUpdate.ParticleSystemBeginUpdateAll";0.0047;0.0029;0.1071;18555;18457;18342;3;3;1.59719999181107;0.005324;0.004;0.0055;300;1;1;1;300;18288;0.0029;0.1071;18457;18342;0.0042
"ExecuteRenderQueueJob";0.0047;0.0027;0.0209;18570;18328;18577;12;12;0.395399997010827;0.005135065;0.0039;0.0056;78;1;1;2;77;18288;0.0027;0.0209;18328;18577;0
"Mesh.CreateMesh";0.0046;0.0046;0.0046;18587;18587;18587;5;5;0.00460000010207295;0.0046;0.0046;0.0046;1;1;1;1;1;18587;0.0046;0.0046;18587;18587;0
"Unity.RenderPipelines.Universal.Runtime.dll!UnityEngine.Rendering.Universal::ColorAdjustments..ctor() [Invoke]";0.0046;0.0046;0.0046;18587;18587;18587;4;5;0.00460000010207295;0.0046;0.0046;0.0046;2;2;2;2;1;18587;0.0019;0.0027;18587;18587;0
"EarlyUpdate.ProcessRemoteInput";0.0045;0.0018;0.0075;18458;18324;18524;3;3;1.36199999274686;0.00454;0.0038;0.0054;300;1;1;1;300;18288;0.0018;0.0075;18324;18524;0.0065
"ParticleSystem.Update";0.0045;0.0028;0.1066;18461;18457;18342;4;4;1.51909999595955;0.005063666;0.0038;0.0052;300;1;1;1;300;18288;0.0028;0.1066;18457;18342;0.0039
"Unity.RenderPipelines.Universal.Runtime.dll!UnityEngine.Rendering.Universal::SplitToning..ctor() [Invoke]";0.0045;0.0045;0.0045;18587;18587;18587;4;5;0.0044999998062849;0.0045;0.0045;0.0045;2;2;2;2;1;18587;0.0017;0.0028;18587;18587;0
"Unity.RenderPipelines.Universal.Runtime.dll!UnityEngine.Rendering.Universal::Vignette..ctor() [Invoke]";0.0045;0.0045;0.0045;18587;18587;18587;4;5;0.0044999998062849;0.0045;0.0045;0.0045;2;2;2;2;1;18587;0.0022;0.0023;18587;18587;0
"UnityEngine.UI.dll!UnityEngine.UI::Image.Start() [Coroutine: MoveNext] [Invoke]";0.0044;0.0035;0.0073;18345;18346;18364;5;6;0.110900000203401;0.004620833;0.004;0.0047;24;1;1;1;24;18342;0.0035;0.0073;18346;18364;0
"BlitFinalToBackBuffer";0.0044;0.0026;0.0098;18363;18364;18299;9;9;1.36169999651611;0.004539;0.0036;0.0054;301;1;1;2;300;18288;0.0026;0.0098;18364;18299;0.0054
"ProcessRemoteInput";0.0044;0.0017;0.0073;18508;18330;18524;4;4;1.33619999082293;0.004454;0.0037;0.0052;300;1;1;1;300;18288;0.0017;0.0073;18330;18524;0.0064
"PrepareSceneNodes";0.0043;0.0031;0.0122;18418;18491;18534;9;9;1.41989999194629;0.004733;0.0039;0.0053;301;1;1;2;300;18288;0.0031;0.0122;18491;18534;0.0054
"Preload Single Step";0.0042;0.0002;0.0348;18297;18307;18434;7;7;1.25869999662973;0.004195667;0.0037;0.0045;300;1;1;1;300;18288;0.0002;0.0348;18307;18434;0.0046
"ScheduleShadowSplitMasksComputation";0.0042;0.0021;0.0105;18545;18465;18536;8;8;1.32389999181032;0.004413;0.0037;0.005;301;1;1;2;300;18288;0.0021;0.0105;18465;18536;0.0041
"UnityEngine.UIModule.dll!UnityEngine::Canvas.SendPreWillRenderCanvases() [Invoke]";0.0041;0.0026;0.019;18302;18348;18431;6;6;1.27669999585487;0.004255667;0.0036;0.0047;300;1;1;1;300;18288;0.0026;0.019;18348;18431;0.0046
"UnityEngine.InputModule.dll!UnityEngineInternal.Input::NativeInputSystem.ShouldRunUpdate() [Invoke]";0.004;0.0023;0.011;18579;18497;18401;4;4;1.28549999580719;0.004285;0.0034;0.0049;659;2;2;3;300;18288;0.0004;0.0089;18420;18401;0.0039
"PhysX.ScScene.processLostContact2";0.0039;0.0006;0.009;18446;18347;18326;7;7;0.214199998532422;0.003693103;0.0026;0.0052;58;1;1;1;58;18290;0.0006;0.009;18347;18326;0
"afterCullingOutputReady.Invoke";0.0039;0.0025;0.0599;18459;18378;18561;8;10;1.34289998770691;0.004476334;0.0033;0.0047;602;2;2;4;300;18288;0.0009;0.0577;18353;18561;0.0037
"TimeUpdate.WaitForLastPresentationAndUpdateTime";0.0039;0.002;0.0094;18486;18455;18378;3;3;1.22179999225773;0.004072667;0.0033;0.0048;300;1;1;1;300;18288;0.002;0.0094;18455;18378;0.0026
"DestroyCullResults";0.0038;0.0022;0.0081;18341;18329;18587;3;3;1.17899999557994;0.00393;0.0031;0.0046;301;1;1;2;300;18288;0.0022;0.0074;18329;18293;0.0054
"PrepareSceneCullingParameters";0.0038;0.0024;0.1332;18432;18328;18577;8;8;1.37290000030771;0.004576333;0.0032;0.0044;301;1;1;2;300;18288;0.0024;0.1332;18328;18577;0.0028
"performed";0.0038;0.0028;0.0094;18466;18349;18401;7;7;0.730399995809421;0.003991257;0.0035;0.0043;183;1;1;1;183;18333;0.0028;0.0094;18349;18401;0.004
"Shadows.ExtractShaderPassContext";0.0038;0.0022;0.0143;18578;18364;18344;13;13;1.22439999971539;0.004081334;0.0029;0.0047;602;2;2;4;300;18288;0.0008;0.0115;18364;18344;0.0039
"CompileRenderGraph";0.0037;0.0019;0.0117;18458;18323;18455;8;8;1.11609999509528;0.003720333;0.0029;0.0042;301;1;1;2;300;18288;0.0019;0.0117;18323;18455;0.0043
"Unity.RenderPipelines.Universal.Runtime.dll!UnityEngine.Rendering.Universal::LensDistortion..ctor() [Invoke]";0.0037;0.0037;0.0037;18587;18587;18587;4;5;0.00369999976828694;0.0037;0.0037;0.0037;2;2;2;2;1;18587;0.0016;0.0021;18587;18587;0
"Physics.PrepareSimulationStage";0.0036;0.0025;0.0055;18395;18468;18319;4;4;0.212299999315292;0.003660345;0.0032;0.004;58;1;1;1;58;18290;0.0025;0.0055;18468;18319;0
"EarlyUpdate.UpdateCanvasRectTransform";0.0036;0.0018;0.0074;18538;18484;18567;3;3;1.15779999480583;0.003859333;0.0031;0.0045;300;1;1;1;300;18288;0.0018;0.0074;18484;18567;0.0033
"Unity.RenderPipelines.Universal.Runtime.dll!UnityEngine.Rendering.Universal::LiftGammaGain..ctor() [Invoke]";0.0036;0.0036;0.0036;18587;18587;18587;4;5;0.00359999993816018;0.0036;0.0036;0.0036;2;2;2;2;1;18587;0.0016;0.002;18587;18587;0
"Profiler.CollectAudioStats";0.0035;0.0021;0.0399;18529;18322;18583;3;3;1.14759999816306;0.003825333;0.0029;0.0043;600;2;2;2;300;18288;0.0006;0.0377;18321;18583;0.0037
"PhysX.ScScene.islandGen";0.0035;0.0008;0.009;18352;18463;18545;7;7;0.228099999192636;0.003932759;0.0032;0.0044;58;1;1;1;58;18290;0.0008;0.009;18463;18545;0
"Physics.SendContactEvents";0.0035;0.0021;0.0051;18480;18420;18565;6;6;0.205999998841435;0.003551724;0.0031;0.0038;58;1;1;1;58;18290;0.0021;0.0051;18420;18565;0
"Inl_NRPRGComp_PrepareNativePass";0.0035;0.0035;0.0035;18587;18587;18587;8;8;0.00349999987520278;0.0035;0.0035;0.0035;7;7;7;7;1;18587;0.0002;0.0017;18587;18587;0
"PhysX.ScScene.destroyManagers";0.0034;0.0012;0.0077;18302;18426;18545;7;7;0.213299998547882;0.003677586;0.003;0.0039;58;1;1;1;58;18290;0.0012;0.0077;18426;18545;0
"CullPerObjectLights";0.0034;0.001;0.0098;18330;18485;18580;9;9;0.976699993014336;0.003255667;0.0016;0.0044;301;1;1;2;300;18288;0.001;0.0098;18485;18580;0.004
"Update.ScriptRunDelayedTasks";0.0034;0.0021;0.0344;18417;18345;18312;3;3;1.10399999748915;0.00368;0.0029;0.004;300;1;1;1;300;18288;0.0021;0.0344;18345;18312;0.0035
"Inl_UniversalRenderPipeline.CreateLightData";0.0034;0.0022;0.0264;18480;18321;18304;8;8;1.09829999576323;0.003661;0.003;0.004;301;1;1;2;300;18288;0.0022;0.0264;18321;18304;0.0032
"Unity.RenderPipelines.Universal.Runtime.dll!UnityEngine.Rendering.Universal::FilmGrain..ctor() [Invoke]";0.0034;0.0034;0.0034;18587;18587;18587;4;5;0.00339999981224537;0.0034;0.0034;0.0034;2;2;2;2;1;18587;0.0016;0.0018;18587;18587;0
"EarlyUpdate.UpdateInputManager";0.0033;0.0018;0.035;18385;18330;18331;3;3;1.03329999744892;0.003444333;0.0027;0.0038;300;1;1;1;300;18288;0.0018;0.035;18330;18331;0.004
"Inl_Setup Main Shadowmap";0.0033;0.0024;0.0546;18532;18442;18417;9;9;1.17549999686889;0.003918333;0.0029;0.0043;301;1;1;2;300;18288;0.0024;0.0546;18442;18417;0.0025
"RenderLoop.CleanupNodeQueue";0.0032;0.0019;0.0837;18430;18356;18563;4;10;1.09409996913746;0.003647;0.0027;0.0039;2107;7;7;14;300;18288;0;0.0789;18300;18563;0.0042
"FrameEvents.NewInputBeforeRenderUpdate";0.0032;0.0017;0.0105;18540;18457;18587;3;3;0.999699995736592;0.003332333;0.0027;0.0038;301;1;1;2;300;18288;0.0017;0.0065;18457;18544;0.0027
"Audibility computation";0.0032;0.0011;0.0118;18572;18497;18580;6;6;1.00499999697786;0.00335;0.0028;0.0038;300;1;1;1;300;18288;0.0011;0.0118;18497;18580;0.0032
"Inl_LightCookies";0.0031;0.0023;0.0141;18358;18317;18447;10;10;0.978699994273484;0.003262333;0.0027;0.0035;301;1;1;2;300;18288;0.0023;0.0141;18317;18447;0.0031
"FixedUpdate.Physics2DFixedUpdate";0.0031;0.0021;0.0062;18529;18415;18319;3;3;0.19289999967441;0.003325862;0.0029;0.0036;58;1;1;1;58;18290;0.0021;0.0062;18415;18319;0
"Physics.SyncTransforms";0.003;0.0021;0.0047;18352;18420;18319;5;5;0.172899999422953;0.002981035;0.0026;0.0033;58;1;1;1;58;18290;0.0021;0.0047;18420;18319;0
"UnityEngine.CoreModule.dll!UnityEngine::UnitySynchronizationContext.ExecuteTasks() [Invoke]";0.003;0.0018;0.0338;18369;18345;18312;4;4;0.962199995992705;0.003207333;0.0025;0.0036;300;1;1;1;300;18288;0.0018;0.0338;18345;18312;0.0031
"UnityEngine.CoreModule.dll!UnityEngine.Experimental.Rendering::ScriptableRuntimeReflectionSystemWrapper.Internal_ScriptableRuntimeReflectionSystemWrapper_TickRealtimeProbes() [Invoke]";0.003;0.0018;0.0062;18425;18484;18573;3;3;0.960199997061864;0.003200667;0.0026;0.0036;300;1;1;1;300;18288;0.0018;0.0062;18484;18573;0.0034
"NetworkRunnerUpdate";0.0029;0.0017;0.0136;18340;18311;18289;3;3;0.901199995307252;0.003004;0.0024;0.0033;300;1;1;1;300;18288;0.0017;0.0136;18311;18289;0.0029
"Inl_DrawOpaqueObjects";0.0029;0.0022;0.008099999;18350;18375;18587;8;8;0.946999994339421;0.003156667;0.0026;0.0035;301;1;1;2;300;18288;0.0022;0.0058;18375;18564;0.004
"PostLateUpdate.MemoryFrameMaintenance";0.0029;0.0017;0.0388;18541;18422;18513;3;3;0.976099995779805;0.003253667;0.0025;0.0036;300;1;1;1;300;18288;0.0017;0.0388;18422;18513;0.003
"Unity.RenderPipelines.Universal.Runtime.dll!UnityEngine.Rendering.Universal::WhiteBalance..ctor() [Invoke]";0.0029;0.0029;0.0029;18587;18587;18587;4;5;0.00289999996311963;0.0029;0.0029;0.0029;2;2;2;2;1;18587;0.0013;0.0016;18587;18587;0
"Unity.RenderPipelines.Universal.Runtime.dll!UnityEngine.Rendering.Universal::ChromaticAberration..ctor() [Invoke]";0.0028;0.0028;0.0028;18587;18587;18587;4;5;0.00280000013299286;0.0028;0.0028;0.0028;2;2;2;2;1;18587;0.0008;0.002;18587;18587;0
"PhysX.ScScene.processLostContact";0.0028;0.0014;0.0342;18525;18517;18319;7;7;0.201200000825338;0.003468966;0.0027;0.003;58;1;1;1;58;18290;0.0014;0.0342;18517;18319;0
"Layout";0.0028;0.0017;0.1516;18528;18350;18434;7;7;1.05480000202078;0.003516;0.0023;0.0035;300;1;1;1;300;18288;0.0017;0.1516;18350;18434;0.0021
"Unity.RenderPipelines.Universal.Runtime.dll!UnityEngine.Rendering.Universal::ColorLookup..ctor() [Invoke]";0.0028;0.0028;0.0028;18587;18587;18587;4;5;0.00279999990016222;0.0028;0.0028;0.0028;2;2;2;2;1;18587;0.0013;0.0015;18587;18587;0
"FixedUpdate.NewInputFixedUpdate";0.0027;0.0017;0.0065;18296;18347;18540;3;3;0.165299998945557;0.00285;0.0024;0.003;58;1;1;1;58;18290;0.0017;0.0065;18347;18540;0
"PostUpdateScreenManagerAndInput";0.0026;0.0016;0.0096;18576;18497;18549;3;3;0.913099994766526;0.003043667;0.0022;0.0032;300;1;1;1;300;18288;0.0016;0.0096;18497;18549;0.0029
"Inl_NRPRGComp_CullNodes";0.0026;0.0026;0.0026;18587;18587;18587;8;8;0.00260000000707805;0.0026;0.0026;0.0026;1;1;1;1;1;18587;0.0026;0.0026;18587;18587;0
"Inl_UniversalRenderPipeline.SetupPerFrameShaderConstants";0.0025;0.0017;0.0222;18481;18510;18313;5;5;0.831299994955771;0.002771;0.0022;0.003;301;1;1;2;300;18288;0.0017;0.0222;18510;18313;0.0018
"Inl_NRPRGComp_DetectMemorylessResources";0.0025;0.0025;0.0025;18587;18587;18587;8;8;0.00249999994412065;0.0025;0.0025;0.0025;1;1;1;1;1;18587;0.0025;0.0025;18587;18587;0
"Inl_Draw Additional Lights Shadowmap";0.0024;0.0016;0.0302;18342;18480;18533;8;8;0.794299996108748;0.002647667;0.0021;0.0028;301;1;1;2;300;18288;0.0016;0.0302;18480;18533;0.0024
"PostLateUpdate.UpdateAllRenderers";0.0024;0.0015;0.0062;18581;18484;18518;3;3;0.760799998184666;0.002536;0.002;0.0029;300;1;1;1;300;18288;0.0015;0.0062;18484;18518;0.0019
"PreLateUpdate.ScriptRunBehaviourLateUpdate";0.0023;0.0016;0.0175;18347;18297;18549;3;3;0.740999995847233;0.00247;0.0019;0.0028;300;1;1;1;300;18288;0.0016;0.0175;18297;18549;0.0024
"PhysX.NpScene.execution";0.0023;0.0017;0.0039;18560;18308;18290;7;7;0.14429999969434;0.002487931;0.002;0.0028;58;1;1;1;58;18290;0.0017;0.0039;18308;18290;0
"UnityEngine.IMGUIModule.dll!UnityEngine::Event.Internal_MakeMasterEventCurrent() [Invoke]";0.0023;0.0014;0.0144;18561;18393;18523;11;11;0.741099997190759;0.002470333;0.0019;0.0028;301;1;1;2;300;18288;0.0014;0.0144;18393;18523;0.0025
"Unity.RenderPipelines.Universal.Runtime.dll!UnityEngine.Rendering.Universal::PaniniProjection..ctor() [Invoke]";0.0023;0.0023;0.0023;18587;18587;18587;4;5;0.00229999981820583;0.0023;0.0023;0.0023;2;2;2;2;1;18587;0.0011;0.0012;18587;18587;0
"PreUpdate.InputForUIUpdate";0.0022;0.0013;0.0041;18361;18321;18319;3;3;0.66669999959413;0.002222333;0.0018;0.0025;300;1;1;1;300;18288;0.0013;0.0041;18321;18319;0.0019
"Inl_UniversalRenderPipeline.GetMainLightIndex";0.0022;0.0013;0.01;18436;18321;18288;9;9;0.710999996750616;0.00237;0.0019;0.0026;301;1;1;2;300;18288;0.0013;0.01;18321;18288;0.0021
"PhysX.ScScene.islandInsertion";0.0022;0.0016;0.0059;18491;18496;18550;7;7;0.138799999840558;0.002393103;0.0019;0.0025;58;1;1;1;58;18290;0.0016;0.0059;18496;18550;0
"ApplyPass.PrepareKeywords";0.0022;0.0013;0.014;18427;18360;18563;12;15;0.677799968398176;0.002259333;0.0018;0.0026;1806;6;6;12;300;18288;0.0001;0.0111;18290;18563;0.003
"Initialization.DirectorSampleTime";0.0021;0.0011;0.0042;18302;18330;18547;3;3;0.646799998008646;0.002156;0.0016;0.0026;300;1;1;1;300;18288;0.0011;0.0042;18330;18547;0.0022
"LateBehaviourUpdate";0.0021;0.0014;0.0171;18306;18324;18549;4;4;0.673599996953271;0.002245333;0.0017;0.0025;300;1;1;1;300;18288;0.0014;0.0171;18324;18549;0.0023
"PhysX.ScScene.rigidBodyNarrowPhase";0.002;0.0014;0.005;18390;18308;18474;7;7;0.127999999444;0.002206896;0.0017;0.0025;58;1;1;1;58;18290;0.0014;0.005;18308;18474;0
"PreUpdate.PhysicsUpdate";0.002;0.0003;0.0235;18398;18580;18335;3;3;0.605699996929616;0.002019;0.0015;0.0024;300;1;1;1;300;18288;0.0003;0.0235;18580;18335;0.0023
"ReflectionProbes.Update";0.002;0.0012;0.0048;18520;18330;18319;4;4;0.654299997841008;0.002181;0.0017;0.0024;300;1;1;1;300;18288;0.0012;0.0048;18330;18319;0.0024
"TransformChangeSystem";0.002;0.0011;0.0038;18408;18440;18339;4;9;0.632999957189895;0.00211;0.0017;0.0024;2934;9;9;13;300;18288;0;0.002;18288;18524;0.0019
"TypeCache.New.Query";0.002;0.002;0.002;18587;18587;18587;4;4;0.00199999986216426;0.002;0.002;0.002;2;2;2;2;1;18587;0.0009;0.0011;18587;18587;0
"Inl_DrawScreenSpaceUI";0.0019;0.0013;0.0055;18364;18318;18587;8;8;0.604700000840239;0.002015667;0.0016;0.0023;602;2;2;4;300;18288;0.0004;0.0041;18290;18298;0.0028
"FrameEvents.OnBeforeRenderCallback";0.0019;0.0011;0.0155;18408;18328;18564;3;3;0.611299997195601;0.002037667;0.0015;0.0023;301;1;1;2;300;18288;0.0011;0.0155;18328;18564;0.0015
"PreUpdate.AIUpdate";0.0019;0.001;0.0047;18460;18457;18565;3;3;0.593899996601976;0.001979667;0.0015;0.0023;300;1;1;1;300;18288;0.001;0.0047;18457;18565;0.0015
"Setup Forward Lights";0.0019;0.0013;0.0113;18479;18298;18410;9;9;0.634500000160187;0.002115;0.0017;0.0022;301;1;1;2;300;18288;0.0013;0.0113;18298;18410;0.0024
"Unity.RenderPipelines.Core.Runtime.dll!UnityEngine.Rendering::SerializedDictionary`4.OnBeforeSerialize() [Invoke]";0.0019;0.0019;0.0019;18587;18587;18587;4;4;0.0019000000320375;0.0019;0.0019;0.0019;2;2;2;2;1;18587;0.0009;0.001;18587;18587;0
"UnityEngine.CoreModule.dll!UnityEngine.Rendering::RenderPipelineManager.HandleRenderPipelineChange() [Invoke]";0.0018;0.0011;0.0043;18301;18439;18544;3;3;0.551199993933551;0.001837333;0.0015;0.0021;601;2;2;3;300;18288;0.0004;0.003;18321;18544;0.0013
"Director.SampleTime";0.0018;0.001;0.0039;18341;18330;18547;4;4;0.563599995337427;0.001878667;0.0014;0.0023;300;1;1;1;300;18288;0.001;0.0039;18330;18547;0.0015
"Physics2D.Simulate";0.0017;0.0011;0.0036;18308;18355;18319;4;4;0.102599999052472;0.001768966;0.0014;0.0019;58;1;1;1;58;18290;0.0011;0.0036;18355;18319;0
"EarlyUpdate.PlayerCleanupCachedData";0.0017;0.0009;0.0037;18345;18330;18566;3;3;0.51129999756813;0.001704333;0.0014;0.002;300;1;1;1;300;18288;0.0009;0.0037;18330;18566;0.0017
"PhysX.NpScene.completion";0.0017;0.0012;0.0029;18364;18415;18569;7;7;0.0983999994350597;0.001696552;0.0015;0.0018;58;1;1;1;58;18290;0.0012;0.0029;18415;18569;0
"UnityEngine.PhysicsModule.dll!UnityEngine::Physics.OnSceneContact() [Invoke]";0.0017;0.001;0.0029;18369;18420;18364;7;7;0.101399999926798;0.001748276;0.0015;0.0019;58;1;1;1;58;18290;0.001;0.0029;18420;18364;0
"Inl_ScriptableRenderer.SetupCullingParameters";0.0017;0.0012;0.0036;18392;18328;18534;7;7;0.551299997139722;0.001837667;0.0015;0.0021;301;1;1;2;300;18288;0.0012;0.0036;18328;18534;0.0013
"Cleanup Unused Cached Data";0.0016;0.0009;0.0035;18317;18330;18544;4;4;0.474699996761046;0.001582333;0.0013;0.0018;300;1;1;1;300;18288;0.0009;0.0035;18330;18544;0.0016
"FixedUpdate.AudioFixedUpdate";0.0016;0.001;0.0037;18319;18332;18550;3;3;0.100799999083392;0.001737931;0.0013;0.002;58;1;1;1;58;18290;0.001;0.0037;18332;18550;0
"PhysX.PostBroadPhaseStage2Task";0.0016;0.0009;0.0027;18400;18342;18535;7;7;0.0925999997416511;0.001653571;0.0013;0.0019;56;1;1;1;56;18290;0.0009;0.0027;18342;18535;0
"EarlyUpdate.ExecuteMainThreadJobs";0.0016;0.001;0.066;18453;18458;18429;3;3;0.575199997634627;0.001917333;0.0014;0.002;300;1;1;1;300;18288;0.001;0.066;18458;18429;0.0015
"PrepareUpdateRendererBoundingVolumes";0.0015;0.0009;0.0116;18404;18457;18357;4;10;0.513499981025234;0.001711667;0.0013;0.0019;1503;5;5;8;300;18288;0;0.0097;18472;18357;0.0014
"PlayerCleanupCachedData";0.0015;0.0008;0.0035;18373;18330;18566;5;5;0.451999997661915;0.001506667;0.0012;0.0017;300;1;1;1;300;18288;0.0008;0.0035;18330;18566;0.0013
"Render";0.0015;0.0009;0.0048;18422;18291;18288;7;7;0.479399996693246;0.001598;0.0012;0.0018;300;1;1;1;300;18288;0.0009;0.0048;18291;18288;0.002
"PreUpdate.WindUpdate";0.0015;0.0008;0.0044;18453;18463;18547;3;3;0.47759999713162;0.001592;0.0012;0.0019;300;1;1;1;300;18288;0.0008;0.0044;18463;18547;0.0011
"Inl_DrawTransparentObjects";0.0015;0.0013;0.0041;18572;18336;18587;8;8;0.539899996481836;0.001799667;0.0015;0.002;301;1;1;2;300;18288;0.0013;0.004;18336;18425;0.0015
"UnityEngine.CoreModule.dll!UnityEngine.Rendering::RenderPipelineGlobalSettings.OnBeforeSerialize() [Invoke]";0.0015;0.0015;0.0015;18587;18587;18587;4;4;0.00150000001303852;0.0015;0.0015;0.0015;1;1;1;1;1;18587;0.0015;0.0015;18587;18587;0
"FindActiveLights";0.0014;0.0008;0.0043;18313;18324;18467;10;10;0.439899996563327;0.001466333;0.0011;0.0017;301;1;1;2;300;18288;0.0008;0.0043;18324;18467;0.0011
"UIEvents.UpdateCanvasRectTransform";0.0014;0.0009;0.0517;18353;18488;18318;4;4;0.505099996575154;0.001683667;0.0011;0.0017;300;1;1;1;300;18288;0.0009;0.0517;18488;18318;0.0012
"PreLateUpdate.Physics2DLateUpdate";0.0014;0.0007;0.0035;18409;18320;18521;3;3;0.43069999688305;0.001435667;0.0011;0.0017;300;1;1;1;300;18288;0.0007;0.0035;18320;18521;0.0017
"Physics.ReadTransforms";0.0014;0.001;0.0026;18480;18420;18364;5;5;0.0866999995196238;0.001494828;0.0013;0.0016;58;1;1;1;58;18290;0.001;0.0026;18420;18364;0
"Profiler.SerializeStats";0.0014;0.0009;0.003;18542;18349;18332;3;3;0.46729999629315;0.001557667;0.0012;0.0018;300;1;1;1;300;18288;0.0009;0.003;18349;18332;0.0021
"CoroutinesDelayedCalls";0.0014;0.0006;0.0157;18548;18424;18364;4;4;0.65539998235181;0.002184667;0.0012;0.0018;1259;4;4;5;300;18288;0;0.0133;18290;18364;0.0015
"PreLateUpdate.AccessibilityUpdate";0.0014;0.0009;0.0034;18567;18330;18288;3;3;0.467599997064099;0.001558667;0.0012;0.0018;300;1;1;1;300;18288;0.0009;0.0034;18330;18288;0.0011
"PhysX.ScScene.advanceStep";0.0013;0.0009;0.0023;18296;18302;18395;7;7;0.0807999995304272;0.001393103;0.0011;0.0017;58;1;1;1;58;18290;0.0009;0.0023;18302;18395;0
"DrawTransparentObjects";0.0013;0.0008;0.0031;18344;18364;18547;9;9;0.405899999197572;0.001353;0.001;0.0017;301;1;1;2;300;18288;0.0008;0.0031;18364;18547;0.0015
"PhysX.ScScene.afterIntegration";0.0013;0.0008;0.0039;18400;18580;18550;7;7;0.0793999998713844;0.001368965;0.001;0.0016;58;1;1;1;58;18290;0.0008;0.0039;18580;18550;0
"Shadows.CullingCallbacks";0.0013;0.0008;0.0039;18401;18466;18534;8;8;0.442199998244178;0.001474;0.0011;0.0017;301;1;1;2;300;18288;0.0008;0.0039;18466;18534;0.0013
"SpeedTreeWindManager.Update";0.0013;0.0007;0.0042;18438;18328;18547;4;4;0.412699996959418;0.001375667;0.001;0.0016;300;1;1;1;300;18288;0.0007;0.0042;18328;18547;0.001
"PostLateUpdate.UpdateRectTransform";0.0013;0.0009;0.0035;18499;18330;18585;3;3;0.431099996087141;0.001437;0.0011;0.0016;300;1;1;1;300;18288;0.0009;0.0035;18330;18585;0.0012
"UnityEngine.CoreModule.dll!UnityEngine.Rendering::SupportedRenderingFeatures.IsLightmapBakeTypeSupportedByRef() [Invoke]";0.0013;0.0008;0.0035;18572;18491;18548;9;9;0.431199996208306;0.001437333;0.0012;0.0016;301;1;1;2;300;18288;0.0008;0.0035;18491;18548;0.0015
"ReflectionProbeAnchorManagerUpdate";0.0013;0.0007999999;0.0514;18356;18328;18548;8;10;0.471499993815087;0.001571667;0.0011;0.0016;903;3;3;6;300;18288;0.0001;0.0506;18514;18548;0.0009
"EarlyUpdate.RendererNotifyInvisible";0.0012;0.0007;0.0026;18298;18320;18329;3;3;0.370799996773712;0.001236;0.001;0.0014;300;1;1;1;300;18288;0.0007;0.0026;18320;18329;0.0012
"UnityEngine.InputForUIModule.dll!UnityEngine.InputForUI::EventProvider.NotifyUpdate() [Invoke]";0.0012;0.0006;0.0026;18311;18351;18319;4;4;0.365199997089803;0.001217333;0.001;0.0014;300;1;1;1;300;18288;0.0006;0.0026;18351;18319;0.001
"Shadows.SplitAndSortCasters";0.0012;0.0004;0.0072;18332;18494;18450;15;15;0.383199993899325;0.001349296;0.0007;0.0015;464;2;1;4;284;18288;0.0002;0.0067;18306;18450;0.0007
"PhysX.AABBManager::postBroadPhaseStage3";0.0012;0.0008;0.0033;18390;18302;18550;7;7;0.0760999997146428;0.001312069;0.001;0.0015;58;1;1;1;58;18290;0.0008;0.0033;18302;18550;0
"PhysX.ScScene.collideStep";0.0012;0.0009;0.0024;18410;18385;18565;7;7;0.0780000002123415;0.001344828;0.001;0.0015;58;1;1;1;58;18290;0.0009;0.0024;18385;18565;0
"AudioProfiler.CaptureFrame";0.0012;0.0006;0.0027;18510;18466;18522;4;4;0.385499999043532;0.001285;0.001;0.0015;300;1;1;1;300;18288;0.0006;0.0027;18466;18522;0.0015
"DOTween.dll!DG.Tweening.Core::DOTweenComponent.Update() [Invoke]";0.0012;0.0006;0.0106;18542;18420;18310;5;5;0.400399998703506;0.001334667;0.001;0.0015;300;1;1;1;300;18288;0.0006;0.0106;18420;18310;0.001
"Physics2D.CollectProfileInfo";0.0011;0.0005;0.0026;18299;18320;18518;4;4;0.33039999648463;0.001101333;0.0008;0.0013;300;1;1;1;300;18288;0.0005;0.0026;18320;18518;0.0013
"UnityEngine.CoreModule.dll!UnityEngine::Application.InvokeOnBeforeRender() [Invoke]";0.0011;0.0006;0.0142;18347;18497;18564;4;4;0.366099997307174;0.001220333;0.0009;0.0014;301;1;1;2;300;18288;0.0006;0.0142;18497;18564;0.0009
"NetworkRunnerRender";0.0011;0.0007;0.0404;18428;18382;18316;3;3;0.405399995797779;0.001351333;0.0009;0.0015;300;1;1;1;300;18288;0.0007;0.0404;18382;18316;0.0008
"InputSystem.onBeforeUpdate";0.0011;0.0007;0.0027;18466;18311;18560;5;5;0.361499996914063;0.001205;0.0009;0.0014;300;1;1;1;300;18288;0.0007;0.0027;18311;18560;0.0011
"PostLateUpdate.GUIClearEvents";0.0011;0;0.0026;18488;18303;18357;3;3;0.293699996909709;0.000979;0.0002;0.0014;300;1;1;1;300;18288;0;0.0026;18303;18357;0.0015
"AudioManager.FixedUpdate";0.0011;0.0007;0.0033;18517;18420;18550;4;4;0.0765999998548068;0.00132069;0.001;0.0016;58;1;1;1;58;18290;0.0007;0.0033;18420;18550;0
"Find dependency chain";0.0011;0.0006;0.0068;18577;18404;18323;9;14;0.387899983499665;0.001293;0.001;0.0013;1525;5;2;11;300;18288;0;0.0056;18289;18323;0.0011
"Unity.RenderPipelines.Core.Runtime.dll!UnityEngine.Rendering::RenderPipelineGraphicsSettingsContainer.OnBeforeSerialize() [Invoke]";0.0011;0.0011;0.0011;18587;18587;18587;4;4;0.00109999999403954;0.0011;0.0011;0.0011;1;1;1;1;1;18587;0.0011;0.0011;18587;18587;0
"PhysX.ScScene.updateCCDMultiPass";0.001;0.0006;0.0018;18302;18332;18360;7;7;0.059399999328889;0.001024138;0.0007;0.0012;58;1;1;1;58;18290;0.0006;0.0018;18332;18360;0
"JobDebuggerFrameMaintenance";0.001;0.0006;0.0653;18347;18311;18429;4;4;0.382499999774154;0.001275;0.0008;0.0012;300;1;1;1;300;18288;0.0006;0.0653;18311;18429;0.0009
"CullSceneDynamicObjects";0.001;0.0009;0.001;18379;18497;18379;11;11;0.00290000007953495;0.0009666667;0.0009;0.001;3;1;1;1;3;18379;0.0009;0.001;18497;18379;0
"Inl_RenderPipeline.EndContextRendering";0.001;0.0005;0.0022;18382;18424;18328;5;5;0.313899997505359;0.001046333;0.0008;0.0012;301;1;1;2;300;18288;0.0005;0.0022;18424;18328;0.001
"PhysX.ScScene.preRigidBodyNarrowPhase";0.001;0.0007;0.0027;18395;18374;18569;7;7;0.061599999491591;0.001062069;0.0009;0.0012;58;1;1;1;58;18290;0.0007;0.0027;18374;18569;0
"PhysX.ScScene.rigidBodySolver";0.001;0.0007;0.0019;18426;18332;18405;7;7;0.0604999995557591;0.001080357;0.0009;0.0012;56;1;1;1;56;18290;0.0007;0.0019;18332;18405;0
"PhysX.ScScene.postSolver";0.001;0.0006;0.0019;18468;18415;18319;7;7;0.0594999993918464;0.001025862;0.0008;0.0011;58;1;1;1;58;18290;0.0006;0.0019;18415;18319;0
"TimeManager.Update";0.001;0.0005;0.0029;18492;18297;18378;4;4;0.32949999673292;0.001098333;0.0007;0.0013;300;1;1;1;300;18288;0.0005;0.0029;18297;18378;0.0005
"FindMainCamera";0.0009999999;0.0006;0.0038;18556;18487;18522;3;3;0.331899987184443;0.001106333;0.0009;0.0012;900;3;3;3;300;18288;0;0.0036;18288;18522;0.0008
"UnityEngine.CoreModule.dll!UnityEngine.Rendering::RenderPipelineManager.GetCurrentPipelineAssetType() [Invoke]";0.0009;0.0005;0.0024;18293;18336;18298;3;3;0.284099995682482;0.000947;0.0007;0.0011;301;1;1;2;300;18288;0.0005;0.0024;18336;18298;0.001
"Physics2D.SyncTransformChanges";0.0009;0.0005;0.0017;18326;18420;18502;5;5;0.0536999991745688;0.0009258621;0.0007;0.001;58;1;1;1;58;18290;0.0005;0.0017;18420;18502;0
"EarlyUpdate.UpdateContentLoading";0.0009;0.0004;0.0025;18376;18415;18548;3;3;0.284699996525887;0.000949;0.0007;0.0011;300;1;1;1;300;18288;0.0004;0.0025;18415;18548;0.0008
"DOTween.dll!DG.Tweening.Core::DOTweenComponent.FixedUpdate() [Invoke]";0.0009;0.0006;0.0029;18379;18342;18540;5;5;0.0562999992980622;0.0009706896;0.0007;0.001;58;1;1;1;58;18290;0.0006;0.0029;18342;18540;0
"PostLateUpdate.PhysicsSkinnedClothBeginUpdate";0.0009;0.0004;0.0045;18435;18476;18310;3;3;0.297699996241136;0.0009923333;0.0007;0.0012;300;1;1;1;300;18288;0.0004;0.0045;18476;18310;0.0007
"Initialize Frame";0.0009;0.0006;0.0063;18438;18315;18447;9;9;0.286199998110533;0.000954;0.0008;0.001;301;1;1;2;300;18288;0.0006;0.0063;18315;18447;0.001
"PreUpdate.Physics2DUpdate";0.0009;0.0001;0.0021;18448;18308;18353;3;3;0.282499997250852;0.0009416667;0.0007;0.0012;300;1;1;1;300;18288;0.0001;0.0021;18308;18353;0.0007
"Loading.IsObjectAvailable";0.0009;0.0005;0.0033;18531;18320;18319;6;9;0.289099986082874;0.0009636666;0.0008;0.0009999999;1271;5;3;6;300;18288;0;0.0022;18290;18319;0.0011
"LOD.ComputeLOD";0.0009;0.0006;0.0034;18541;18328;18304;9;10;0.318799993139692;0.001062667;0.0008;0.0012;602;2;2;4;300;18288;0.0001;0.003;18288;18304;0.0009
"UGUI.Rendering.EmitWorldScreenspaceCameraGeometry";0.0008;0.0004;0.0032;18351;18308;18587;3;4;0.256999994773651;0.0008566667;0.0006;0.0009999999;601;2;2;3;300;18288;0.0001;0.0022;18291;18587;0.0007
"PhysX.ScScene.secondPassNarrowPhase";0.0008;0.0005;0.0014;18352;18302;18337;7;7;0.0473999991663732;0.0008172414;0.0007;0.0009;58;1;1;1;58;18290;0.0005;0.0014;18302;18337;0
"PreLateUpdate.ConstraintManagerUpdate";0.0008;0.0005;0.0022;18377;18298;18498;3;3;0.261699995957315;0.0008723333;0.0007;0.001;300;1;1;1;300;18288;0.0005;0.0022;18298;18498;0.001
"Assembly-CSharp.dll!KIM.Dev::InterfaceManager.Update() [Invoke]";0.0008;0.0005;0.0021;18398;18328;18521;5;5;0.251699995365925;0.000839;0.0007;0.001;300;1;1;1;300;18288;0.0005;0.0021;18328;18521;0.0007
"EarlyUpdate.ClearLines";0.0008;0.0005;0.0023;18455;18302;18353;3;3;0.25569999642903;0.0008523333;0.0007;0.001;300;1;1;1;300;18288;0.0005;0.0023;18302;18353;0.0007
"PhysX.ScScene.broadPhase";0.0008;0.0006;0.0023;18496;18385;18565;7;7;0.0557999991578981;0.000962069;0.0007;0.0011;58;1;1;1;58;18290;0.0006;0.0023;18385;18565;0
"Initialization.XREarlyUpdate";0.0008;0.0005;0.0021;18501;18311;18329;3;3;0.271599995205179;0.0009053333;0.0007;0.001;300;1;1;1;300;18288;0.0005;0.0021;18311;18329;0.0007
"AddDirectionalLights";0.0008;0.0004;0.0031;18538;18396;18542;10;10;0.274799996084766;0.000916;0.0007;0.0011;301;1;1;2;300;18288;0.0004;0.0031;18396;18542;0.0009
"FindBrightestDirectionalLight";0.0008;0.0003;0.0045;18571;18329;18332;10;11;0.269299995678011;0.0008976667;0.0006;0.0011;602;2;2;4;300;18288;0.0001;0.0042;18309;18332;0.0006
"Inl_Setup Debug Properties";0.0008;0.0006;0.0022;18571;18315;18587;8;8;0.28239999525249;0.0009413333;0.0007;0.0011;301;1;1;2;300;18288;0.0006;0.002;18315;18577;0.0008
"GarbageCollector.CollectIncremental";0.0007;0.0004;0.0024;18303;18301;18378;4;4;0.226699997176183;0.0007556666;0.0005;0.0009;300;1;1;1;300;18288;0.0004;0.0024;18301;18378;0.0008
"FrameEvents.XRBeginFrame";0.0007;0.0002;0.002;18331;18313;18562;3;3;0.216399997341796;0.0007213333;0.0005;0.0008;301;1;1;2;300;18288;0.0002;0.002;18313;18562;0.0004
"PhysX.ScScene.processLostContact3";0.0007;0.0005;0.0036;18352;18431;18319;7;7;0.0236999993794598;0.0008464286;0.0006;0.0007;28;1;1;1;28;18290;0.0005;0.0036;18431;18319;0
"Profiler.CollectVideoStats";0.0007;0.0003;0.0447;18360;18341;18316;3;3;0.266299996728776;0.0008876667;0.0005;0.0009;300;1;1;1;300;18288;0.0003;0.0447;18341;18316;0.0007
"EarlyUpdate.ScriptRunDelayedStartupFrame";0.0007;0.0004;0.0017;18362;18307;18451;3;3;0.224599996639881;0.0007486666;0.0006;0.0009;300;1;1;1;300;18288;0.0004;0.0017;18307;18451;0.0006
"Physics.UpdateArticulations";0.0007;0.0004;0.0015;18390;18420;18364;6;6;0.0430999987875111;0.0007431034;0.0006;0.0008;58;1;1;1;58;18290;0.0004;0.0015;18420;18364;0
"RenderingCommandBuffer.PrepareKeywords";0.0007;0.0003;0.0024;18438;18339;18432;10;11;0.222099993261509;0.0007403333;0.0005;0.0009;903;3;3;6;300;18288;0;0.0019;18290;18432;0.0009
"Update.DirectorUpdate";0.0007;0.0002;0.0033;18439;18308;18288;3;3;0.220799996357528;0.000736;0.0005;0.0009;300;1;1;1;300;18288;0.0002;0.0033;18308;18288;0.0006
"ClothManager.LateUpdate";0.0007;0.0003;0.0037;18462;18457;18310;4;4;0.233599995844997;0.0007786666;0.0006;0.0009;300;1;1;1;300;18288;0.0003;0.0037;18457;18310;0.0006
"Initialization.AsyncUploadTimeSlicedUpdate";0.0007;0.0002;0.0184;18467;18330;18530;3;3;0.574099997160374;0.001913667;0.0004;0.0039;300;1;1;1;300;18288;0.0002;0.0184;18330;18530;0.0005
"PhysX.ScScene.finalizationPhase";0.0007;0.0004;0.002;18468;18415;18342;7;7;0.0436999993689824;0.0007534483;0.0006;0.0008;58;1;1;1;58;18290;0.0004;0.002;18415;18342;0
"AddCustomActiveLocalLights";0.0007;0.0005;0.0103;18484;18293;18353;10;10;0.25549999444047;0.0008516667;0.0006;0.0009;301;1;1;2;300;18288;0.0005;0.0103;18293;18353;0.0007
"PhysX.ScScene.postNarrowPhase";0.0007;0.0004;0.0016;18502;18342;18369;7;7;0.0450999988534022;0.0007775862;0.0006;0.0009;58;1;1;1;58;18290;0.0004;0.0016;18342;18369;0
"Inl_Setup Additional Shadows";0.0007;0.0004;0.0032;18521;18299;18333;9;9;0.243599996872945;0.000812;0.0006;0.001;301;1;1;2;300;18288;0.0004;0.0032;18299;18333;0.0006
"UnityEngine.AccessibilityModule.dll!UnityEngine.Accessibility::AccessibilityManager.Internal_Update() [Invoke]";0.0007;0.0004;0.0018;18543;18482;18500;4;4;0.252599994564662;0.000842;0.0006;0.001;300;1;1;1;300;18288;0.0004;0.0018;18482;18500;0.0006
"Draw Additional Lights Shadowmap";0.0007;0.0004;0.0025;18555;18366;18567;9;9;0.237499996001134;0.0007916667;0.0006;0.0009;301;1;1;2;300;18288;0.0004;0.0025;18366;18567;0.0008
"PrepareSceneNodesCombineJob";0.0007;0.0007;0.0007;18578;18578;18578;12;12;0.000699999975040555;0.0007;0.0007;0.0007;1;1;1;1;1;18578;0.0007;0.0007;18578;18578;0
"Physics2D.SyncRigidbodyTransformChanges";0.0006;0.0003;0.001;18337;18420;18290;6;6;0.0346999997273088;0.0005982759;0.0005;0.0006;58;1;1;1;58;18290;0.0003;0.001;18420;18290;0
"Physics2D.GetRayIntersection";0.0006;0.0001;0.0028;18346;18374;18301;6;6;0.0797999986607465;0.0006595041;0.0005;0.0008;121;1;1;1;121;18288;0.0001;0.0028;18374;18301;0
"PreUpdate.IMGUISendQueuedEvents";0.0006;0.0003;0.0029;18349;18291;18301;3;3;0.191999997274252;0.00064;0.0004;0.0007;300;1;1;1;300;18288;0.0003;0.0029;18291;18301;0.0006
"Physics.UpdateRigidbodies";0.0006;0.0004;0.0011;18352;18308;18565;6;6;0.035699999629287;0.0006155173;0.0005;0.0007;58;1;1;1;58;18290;0.0004;0.0011;18308;18565;0
"EarlyUpdate.Physics2DEarlyUpdate";0.0006;0.0001;0.0016;18353;18360;18316;3;3;0.184299996806658;0.0006143333;0.0004;0.0008;300;1;1;1;300;18288;0.0001;0.0016;18360;18316;0.0006
"FixedUpdate.DirectorFixedUpdate";0.0006;0.0004;0.0019;18360;18308;18451;3;3;0.0390999996743631;0.0006741379;0.0005;0.0008;58;1;1;1;58;18290;0.0004;0.0019;18308;18451;0
"Initialization.SynchronizeInputs";0.0006;0.0003;0.1066;18412;18345;18573;3;3;0.311799998366041;0.001039333;0.0005;0.0007;300;1;1;1;300;18288;0.0003;0.1066;18345;18573;0.0005
"PostLateUpdate.ProfilerEndFrame";0.0006;0.0003;0.0022;18436;18417;18542;3;3;0.1998999985517;0.0006663333;0.0005;0.0008;300;1;1;1;300;18288;0.0003;0.0022;18417;18542;0.0005
"updateScene.Invoke";0.0006;0.0003;0.0023;18450;18350;18557;3;3;0.199699997494463;0.0006656667;0.0005;0.0008;300;1;1;1;300;18288;0.0003;0.0023;18350;18557;0.0011
"ReflectionProbeAnchorPositionUpdate";0.0006;0.0004;0.0504;18451;18301;18548;9;11;0.246599992242409;0.000822;0.0005;0.0007;903;3;3;6;300;18288;0.0001;0.0498;18288;18548;0.0006
"Physics.Interpolation";0.0006;0.0003;0.0016;18470;18307;18299;4;4;0.199099998135353;0.0006636666;0.0005;0.0008;358;1;1;2;300;18288;0;0.0016;18485;18299;0.0005
"LightCookies";0.0006;0.0003;0.0097;18475;18323;18521;10;10;0.209999995946418;0.0007;0.0005;0.0007;301;1;1;2;300;18288;0.0003;0.0097;18323;18521;0.0006
"FixedUpdate.ScriptRunDelayedFixedFrameRate";0.0006;0.0003;0.0015;18480;18420;18560;3;3;0.0375999993120786;0.0006482758;0.0005;0.0007;58;1;1;1;58;18290;0.0003;0.0015;18420;18560;0
"PhysX.ScScene.postBroadPhaseCont";0.0006;0.0003;0.0016;18480;18555;18369;7;7;0.0368999994534533;0.0006362069;0.0005;0.0007;58;1;1;1;58;18290;0.0003;0.0016;18555;18369;0
"Renderers.OncePerFrameUpdate";0.0006;0.0003;0.0021;18551;18311;18288;4;4;0.216899997350993;0.000723;0.0005;0.0009;300;1;1;1;300;18288;0.0003;0.0021;18311;18288;0.0005
"UnityEngine.CoreModule.dll!UnityEngine.Rendering::OnDemandRendering.GetRenderFrameInterval() [Invoke]";0.0006;0.0004;0.0102;18559;18291;18444;3;3;0.235099996585632;0.0007836667;0.0005;0.0008;300;1;1;1;300;18288;0.0004;0.0102;18291;18444;0.0006
"Physics.CalculateChangedColliderTransforms";0.0005;0.0003;0.0012;18290;18302;18369;6;6;0.0285999996704049;0.0004931035;0.0004;0.0005;58;1;1;1;58;18290;0.0003;0.0012;18302;18369;0
"PhysX.ScScene.processLostSolverPatchesTask";0.0005;0.0003;0.0009;18332;18468;18535;7;7;0.0247999997518491;0.0004862745;0.0004;0.0005;51;1;1;1;51;18290;0.0003;0.0009;18468;18535;0
"Inl_DrawSkybox";0.0005;0.0003;0.0015;18335;18339;18559;8;8;0.153299998375587;0.000511;0.0004;0.0006;301;1;1;2;300;18288;0.0003;0.0015;18339;18559;0.0004
"PostLateUpdate.UpdateAllSkinnedMeshes";0.0005;0.0002;0.0013;18358;18345;18294;3;3;0.155599997990066;0.0005186666;0.0004;0.0006;300;1;1;1;300;18288;0.0002;0.0013;18345;18294;0.0003
"Physics.SendTriggerEvents";0.0005;0.0003;0.0219;18379;18420;18550;6;6;0.0497999998333398;0.0008586207;0.0004;0.0006;58;1;1;1;58;18290;0.0003;0.0219;18420;18550;0
"TerrainManager.CullAllTerrains";0.0005;0.0002;0.0055;18402;18300;18562;8;8;0.16979999828618;0.000566;0.0004;0.0006;301;1;1;2;300;18288;0.0002;0.0055;18300;18562;0.0004
"DOTween.dll!DG.Tweening.Core::DOTweenComponent.LateUpdate() [Invoke]";0.0005;0.0003;0.0119;18419;18389;18339;5;5;0.175599999842234;0.0005853333;0.0004;0.0006;300;1;1;1;300;18288;0.0003;0.0119;18389;18339;0.0008
"UnityEngine.CoreModule.dll!UnityEngine.Rendering::SupportedRenderingFeatures.IsUIOverlayRenderedBySRP() [Invoke]";0.0005;0.0003;0.0018;18423;18329;18534;3;3;0.161299998871982;0.0005376667;0.0004;0.0006;301;1;1;2;300;18288;0.0003;0.0018;18329;18534;0.0008
"UnityEngine.AIModule.dll!UnityEngine.AI::NavMesh.Internal_CallOnNavMeshPreUpdate() [Invoke]";0.0005;0.0003;0.0019;18439;18417;18565;4;4;0.167499998729909;0.0005583334;0.0004;0.0006;300;1;1;1;300;18288;0.0003;0.0019;18417;18565;0.0004
"PhysX.ScScene.postIslandGen";0.0005;0.0002;0.0013;18446;18355;18400;7;7;0.0302999996492872;0.0005410714;0.0003;0.0006;56;1;1;1;56;18290;0.0002;0.0013;18355;18400;0
"ClipperRegistry.Cull";0.0005;0.0003;0.0027;18493;18296;18546;8;8;0.179199999605771;0.0005973334;0.0005;0.0006;300;1;1;1;300;18288;0.0003;0.0027;18296;18546;0.0005
"CullSceneDynamicObjectsCombineJob";0.0005;0.0005;0.0011;18497;18379;18520;11;11;0.00210000004153699;0.0007;0.0005;0.0005;3;1;1;1;3;18379;0.0005;0.0011;18379;18520;0
"CullResultsToNativeArrays";0.0005;0.0003;0.005;18509;18295;18545;8;8;0.186099998827558;0.0006203333;0.0004;0.0007;301;1;1;2;300;18288;0.0003;0.005;18295;18545;0.0005
"GeneralConnection.Poll";0.0005;0.0002;0.0015;18554;18324;18299;5;5;0.172299998390372;0.0005743333;0.0005;0.0006;300;1;1;1;300;18288;0.0002;0.0015;18324;18299;0.0005
"PreUpdate.UpdateVideo";0.0005;0.0003;0.0016;18555;18350;18564;3;3;0.181999998079846;0.0006066667;0.0004;0.0007;300;1;1;1;300;18288;0.0003;0.0016;18350;18564;0.001
"SpeedTreeWindManager.UpdateGlobalAndLocalWinds";0.0005;0.0002;0.0022;18587;18316;18434;5;5;0.194099997534067;0.000647;0.0004;0.0008;300;1;1;1;300;18288;0.0002;0.0022;18316;18434;0.0003
"GC.Alloc";0.0005;0.0005;0.7397072;18342;18342;18587;4;10;0.740207231487148;0.3701036;0.0005;0.0005;18348;13;13;18335;2;18342;0;0.0076;18342;18587;0
"Graphics.DrawProcedural";0.0005;0.0002;0.0015;18464;18361;18585;10;11;0.162599994626362;0.000542;0.0004;0.0007;903;3;3;6;300;18288;0;0.0012;18297;18585;0.0006
"RenderTexture.GarbageCollectTemporary";0.0005;0.0002;0.0017;18566;18419;18312;3;6;0.181999994412763;0.0006066667;0.0005;0.0007;600;2;2;2;300;18288;0;0.0012;18307;18459;0.0005
"PhysX.ScScene.preallocateContactManagers";0.0004;0.0002;0.0009;18290;18385;18352;7;7;0.0230999993073056;0.0003982758;0.0003;0.0004;58;1;1;1;58;18290;0.0002;0.0009;18385;18352;0
"UIEvents.CanvasManagerEmitOffScreenGeometry";0.0004;0.0002;0.0012;18297;18305;18532;3;3;0.118899997571134;0.0003963333;0.0003;0.0005;300;1;1;1;300;18288;0.0002;0.0012;18305;18532;0.0003
"CanvasUpdate.Prelayout";0.0004;0.0002;0.0019;18308;18344;18570;8;8;0.129699996949057;0.0004323333;0.0003;0.0005;300;1;1;1;300;18288;0.0002;0.0019;18344;18570;0.0003
"PostLateUpdate.UpdateVideoTextures";0.0004;0.0002;0.0013;18348;18324;18473;3;3;0.122799997232505;0.0004093333;0.0003;0.0004;300;1;1;1;300;18288;0.0002;0.0013;18324;18473;0.0004
"Flush DSP connections";0.0004;0.0002;0.0014;18354;18309;18445;7;7;0.121199997825897;0.000404;0.0003;0.0004;300;1;1;1;300;18288;0.0002;0.0014;18309;18445;0.0004
"PhysX.ScScene.postThirdPassIslandGenTask";0.0004;0.0002;0.0011;18385;18410;18540;7;7;0.0247999995626742;0.0004275862;0.0003;0.0005;58;1;1;1;58;18290;0.0002;0.0011;18410;18540;0
"ContentLoadFrontend.IntegrateUpdate";0.0004;0.0001;0.0013;18391;18321;18480;4;4;0.12019999804761;0.0004006667;0.0003;0.0005;300;1;1;1;300;18288;0.0001;0.0013;18321;18480;0.0003
"Camera.Render";0.0004;0.0002;0.0038;18399;18356;18587;3;3;0.128699998182128;0.000429;0.0003;0.0005;301;1;1;2;300;18288;0.0002;0.0034;18356;18587;0.0003
"EarlyUpdate.XRUpdate";0.0004;0.0002;0.0014;18403;18323;18527;3;3;0.13069999817526;0.0004356666;0.0003;0.0005;300;1;1;1;300;18288;0.0002;0.0014;18323;18527;0.0005
"EarlyUpdate.AnalyticsCoreStatsUpdate";0.0004;0.0002;0.0014;18414;18330;18310;3;3;0.125799997826107;0.0004193333;0.0003;0.0005;300;1;1;1;300;18288;0.0002;0.0014;18330;18310;0.0004
"PhysX.ThirdPassIslandGenTask";0.0004;0.0002;0.0024;18431;18355;18319;7;7;0.0262999997503357;0.0004534483;0.0003;0.0005;58;1;1;1;58;18290;0.0002;0.0024;18355;18319;0
"PostLateUpdate.ShaderHandleErrors";0.0004;0.0002;0.0125;18446;18295;18549;3;3;0.153999997477513;0.0005133333;0.0003;0.0006;300;1;1;1;300;18288;0.0002;0.0125;18295;18549;0.0004
"EarlyUpdate.UnityWebRequestUpdate";0.0004;0.0002;0.0013;18476;18311;18333;3;3;0.142899997139466;0.0004763333;0.0003;0.0006;300;1;1;1;300;18288;0.0002;0.0013;18311;18333;0.0004
"EarlyUpdate.UpdateAsyncInstantiate";0.0004;0.0002;0.0016;18497;18311;18356;3;3;0.142899999002111;0.0004763333;0.0004;0.0005;300;1;1;1;300;18288;0.0002;0.0016;18311;18356;0.0004
"PostLateUpdate.VFXUpdate";0.0004;0.0002;0.0014;18502;18291;18379;3;3;0.143399997556116;0.000478;0.0003;0.0006;300;1;1;1;300;18288;0.0002;0.0014;18291;18379;0.0004
"FixedUpdate.DirectorFixedUpdatePostPhysics";0.0004;0.0002;0.0008;18511;18420;18326;3;3;0.0259999995614635;0.0004482759;0.0004;0.0005;58;1;1;1;58;18290;0.0002;0.0008;18420;18326;0
"PhysX.ScScene.postBroadPhase3";0.0004;0.0003;0.0012;18529;18302;18369;7;7;0.0295999993104488;0.0005103448;0.0004;0.0006;58;1;1;1;58;18290;0.0003;0.0012;18302;18369;0
"FixedUpdate.PhysicsClothFixedUpdate";0.0004;0.0003;0.0014;18574;18420;18529;3;3;0.0301999998628162;0.0005206896;0.0004;0.0005;58;1;1;1;58;18290;0.0003;0.0014;18420;18529;0
"EarlyUpdate.DispatchEventQueueEvents";0.0004;0.0002;0.01;18586;18455;18549;3;3;0.155799998450675;0.0005193333;0.0004;0.0005;300;1;1;1;300;18288;0.0002;0.01;18455;18549;0.0005
"Profiler.FlushFileIOCounters";0.0003;0.0001;0.0013;18299;18306;18584;2;2;0.0847999977268046;0.0002826666;0.0002;0.0003;300;1;1;1;300;18288;0.0001;0.0013;18306;18584;0.0005
"Update Lights";0.0003;0.0002;0.001;18321;18290;18540;4;4;0.0857999973377446;0.000286;0.0002;0.0003;300;1;1;1;300;18288;0.0002;0.001;18290;18540;0.0003
"Inl_ScriptableRenderer.InternalFinishRenderingCommon";0.0003;0.0001;0.0269;18325;18315;18563;7;7;0.116799996307236;0.0003893333;0.0002;0.0003;301;1;1;2;300;18288;0.0001;0.0269;18315;18563;0.0003
"QueuePrepareIntegrateMainThreadObjects";0.0003;0.0002;0.0044;18335;18288;18507;9;10;0.0915999968710821;0.0003053333;0.0002;0.0003;602;2;2;4;300;18288;0.0001;0.0042;18288;18507;0.0003
"FrameEvents.XREndFrame";0.0003;0.0001;0.0011;18342;18289;18314;4;4;0.0866999971185578;0.000289;0.0002;0.0003;301;1;1;2;300;18288;0.0001;0.0011;18289;18314;0.0003
"FixedUpdate.LegacyFixedAnimationUpdate";0.0003;0.0002;0.001;18352;18290;18426;3;3;0.0192999995488208;0.0003327586;0.0002;0.0004;58;1;1;1;58;18290;0.0002;0.001;18290;18426;0
"UnityEngine.UI.dll!UnityEngine.UI::Image.Start() [Coroutine: System.Collections.IEnumerator.get_Current] [Invoke]";0.0003;0.0002;0.0009;18361;18345;18344;5;6;0.00859999970998615;0.000373913;0.0003;0.0004;23;1;1;1;23;18342;0.0002;0.0009;18345;18344;0
"PostLateUpdate.DirectorRenderImage";0.0003;0.0002;0.001;18371;18295;18302;3;3;0.0887999972619582;0.000296;0.0002;0.0003;300;1;1;1;300;18288;0.0002;0.001;18295;18302;0.0004
"PreLateUpdate.LegacyAnimationUpdate";0.0003;0.0001;0.001;18371;18293;18323;3;3;0.0931999971071491;0.0003106667;0.0002;0.0003;300;1;1;1;300;18288;0.0001;0.001;18293;18323;0.0004
"Inl_RenderPipeline.BeginContextRendering";0.0003;0.0001;0.0098;18375;18295;18565;5;5;0.101999997466919;0.00034;0.0002;0.0003;301;1;1;2;300;18288;0.0001;0.0098;18295;18565;0.0002
"PostLateUpdate.SortingGroupsUpdate";0.0003;0.0001;0.0025;18386;18289;18546;3;3;0.0955999971702113;0.0003186667;0.0002;0.0003;300;1;1;1;300;18288;0.0001;0.0025;18289;18546;0.0003
"CleanUp.TextRenderingGarbageCollect";0.0003;0.0001;0.0012;18403;18295;18544;6;6;0.0969999973167432;0.0003233333;0.0002;0.0004;300;1;1;1;300;18288;0.0001;0.0012;18295;18544;0.0003
"EarlyUpdate.UpdateTextureStreamingManager";0.0003;0.0001;0.0011;18404;18313;18382;3;3;0.0965999972831924;0.000322;0.0002;0.0003;300;1;1;1;300;18288;0.0001;0.0011;18313;18382;0.0003
"EarlyUpdate.UpdateStreamingManager";0.0003;0.0001;0.0012;18408;18330;18527;3;3;0.0941999974747887;0.000314;0.0002;0.0004;300;1;1;1;300;18288;0.0001;0.0012;18330;18527;0.0003
"FinalizeUpdateRendererBoundingVolumes";0.0003;0.0002;0.0011;18415;18291;18506;5;5;0.089399996548309;0.000298;0.0002;0.0003;300;1;1;1;300;18288;0.0002;0.0011;18291;18506;0.0003
"PostLateUpdate.UpdateVideo";0.0003;0.0001;0.002;18435;18347;18518;3;3;0.102299997590308;0.000341;0.0002;0.0004;300;1;1;1;300;18288;0.0001;0.002;18347;18518;0.0003
"Director.PrepareFrame";0.0003;0;0.0012;18440;18316;18451;4;4;0.0971999960602261;0.000324;0.0002;0.0004;1616;5;5;7;300;18288;0;0.0008;18288;18344;0.0001
"EarlyUpdate.ClearIntermediateRenderers";0.0003;0.0001;0.0013;18454;18479;18513;3;3;0.109099997309386;0.0003636667;0.0002;0.0004;300;1;1;1;300;18288;0.0001;0.0013;18479;18513;0.001
"GlobalEventQueue";0.0003;0.0001;0.0092;18472;18491;18549;4;4;0.113399997586384;0.000378;0.0003;0.0004;300;1;1;1;300;18288;0.0001;0.0092;18491;18549;0.0004
"addCustomLights.Invoke";0.0003;0.0001;0.009799999;18477;18387;18353;11;11;0.116399995313259;0.000388;0.0003;0.0004;2107;7;7;14;300;18288;0;0.0094;18288;18353;0.0003
"Initialization.UpdateCameraMotionVectors";0.0003;0.0001;0.0012;18483;18330;18534;3;3;0.106899997073924;0.0003563333;0.0003;0.0004;300;1;1;1;300;18288;0.0001;0.0012;18330;18534;0.0003
"PostLateUpdate.UpdateResolution";0.0003;0.0001;0.0017;18496;18297;18534;3;3;0.106699998163094;0.0003556666;0.0002;0.0004;300;1;1;1;300;18288;0.0001;0.0017;18297;18534;0.0002
"suspendPointHook.Invoke";0.0003;0.0002;0.0011;18496;18307;18288;7;7;0.104499997090898;0.0003483333;0.0003;0.0004;300;1;1;1;300;18288;0.0002;0.0011;18307;18288;0.0003
"CullObjectsWithoutUmbra";0.0003;0.0003;0.0004;18520;18497;18379;12;12;0.00099999996018596;0.0003333333;0.0003;0.0003;3;1;1;1;3;18379;0.0003;0.0004;18497;18379;0
"PhysX.ScScene.ccdBroadPhase";0.0003;0.0002;0.0011;18520;18355;18290;7;7;0.0199999994511018;0.0003448276;0.0003;0.0004;58;1;1;1;58;18290;0.0002;0.0011;18355;18290;0
"PostLateUpdate.TriggerEndOfFrameCallbacks";0.0003;0.0002;0.0013;18572;18298;18343;3;3;0.117499997577397;0.0003916667;0.0003;0.0004;300;1;1;1;300;18288;0.0002;0.0013;18298;18343;0.0004
"CopyChannels";0.0003;0.0003;0.0003;18587;18587;18587;4;4;0.000299999985145405;0.0003;0.0003;0.0003;1;1;1;1;1;18587;0.0003;0.0003;18587;18587;0
"PostLateUpdate.XRPreEndFrame";0.0002;0.0001;0.001;18327;18291;18562;3;3;0.0563999985024566;0.000188;0.0001;0.0002;300;1;1;1;300;18288;0.0001;0.001;18291;18562;0.0003
"Application.FlushRenderStats";0.0002;0;0.0008;18348;18400;18409;2;2;0.0515999986091629;0.000172;0.0001;0.0002;300;1;1;1;300;18288;0;0.0008;18400;18409;0.0001
"Director.ProcessFrame";0.0002;0;0.0015;18353;18294;18302;4;4;0.0609999977459665;0.0002033333;0.0001;0.0003;1616;5;5;7;300;18288;0;0.0009;18288;18500;0.0001
"PhysX.ScScene.lostTouchReports";0.0002;0;0.0004;18360;18410;18326;7;7;0.0105999996303581;0.0001827586;0.0001;0.0002;58;1;1;1;58;18290;0;0.0004;18410;18326;0
"PostLateUpdate.ScriptRunDelayedDynamicFrameRate";0.0002;0.0001;0.0108;18371;18293;18571;3;3;0.0644999988144264;0.000215;0.0001;0.0002;300;1;1;1;300;18288;0.0001;0.0108;18293;18571;0.0001
"ClothScene.Update";0.0002;0;0.001;18382;18290;18306;5;5;0.0643999984313268;0.0002146667;0.0001;0.0003;300;1;1;1;300;18288;0;0.001;18290;18306;0.0001
"FindDirectionalShadowCastingLights";0.0002;0.0001;0.0004;18384;18289;18290;10;10;0.055499998270534;0.000185;0.0001;0.0002;301;1;1;2;300;18288;0.0001;0.0004;18289;18290;0.0003
"EarlyUpdate.UpdateMainGameViewRect";0.0002;0.0001;0.001;18390;18291;18315;3;3;0.0611999982502311;0.000204;0.0001;0.0002;300;1;1;1;300;18288;0.0001;0.001;18291;18315;0.0002
"Inl_RenderPipeline.EndCameraRendering";0.0002;0.0001;0.0012;18404;18291;18308;6;6;0.0648999979966902;0.0002163333;0.0001;0.0002;301;1;1;2;300;18288;0.0001;0.0012;18291;18308;0.0004
"PostLateUpdate.InputEndFrame";0.0002;0.0001;0.0009;18422;18289;18583;3;3;0.0613999981287634;0.0002046667;0.0002;0.0002;300;1;1;1;300;18288;0.0001;0.0009;18289;18583;0.0002
"PostLateUpdate.DirectorLateUpdate";0.0002;0.0001;0.0011;18436;18291;18500;3;3;0.0670999978756299;0.0002236667;0.0002;0.0002;300;1;1;1;300;18288;0.0001;0.0011;18291;18500;0.0002
"EarlyUpdate.ResetFrameStatsAfterPresent";0.0002;0.0001;0.001;18439;18288;18565;3;3;0.0717999979024171;0.0002393333;0.0002;0.0003;300;1;1;1;300;18288;0.0001;0.001;18288;18565;0.0001
"EarlyUpdate.UpdateAsyncReadbackManager";0.0002;0.0001;0.0009;18441;18292;18430;3;3;0.0674999980255961;0.000225;0.0002;0.0002;300;1;1;1;300;18288;0.0001;0.0009;18292;18430;0.0002
"PostLateUpdate.XRPostLateUpdate";0.0002;0.0001;0.0011;18450;18300;18505;3;3;0.0679999981221044;0.0002266667;0.0002;0.0002;300;1;1;1;300;18288;0.0001;0.0011;18300;18505;0.0002
"SkinnedMeshOncePerFrameUpdate";0.0002;0;0.0011;18450;18575;18288;5;5;0.0678999977826606;0.0002263333;0.0002;0.0003;300;1;1;1;300;18288;0;0.0011;18575;18288;0.0002
"FixedUpdate.DirectorFixedSampleTime";0.0002;0.0001;0.0009;18451;18302;18296;3;3;0.0128999996522907;0.0002224138;0.0001;0.0002;58;1;1;1;58;18290;0.0001;0.0009;18302;18296;0
"Physics2D.SyncColliderTransformChanges";0.0002;0.0001;0.001;18457;18302;18502;6;6;0.0134999997317209;0.0002327586;0.0002;0.0002;58;1;1;1;58;18290;0.0001;0.001;18302;18502;0
"Profiler.CollectGIStats";0.0002;0;0.0014;18466;18401;18530;3;3;0.0764999977909611;0.000255;0.0002;0.0003;300;1;1;1;300;18288;0;0.0014;18401;18530;0.0003
"EarlyUpdate.TilemapRendererEarlyUpdate";0.0002;0.0001;0.0011;18482;18289;18564;3;3;0.0733999976800987;0.0002446666;0.0002;0.0003;300;1;1;1;300;18288;0.0001;0.0011;18289;18564;0.0002
"EarlyUpdate.SpriteAtlasManagerUpdate";0.0002;0.0001;0.0012;18489;18291;18548;3;3;0.0772999977198197;0.0002576667;0.0002;0.0003;300;1;1;1;300;18288;0.0001;0.0012;18291;18548;0.0002
"PreLateUpdate.AIUpdatePostScript";0.0002;0.0001;0.0017;18509;18297;18337;3;3;0.0825999979206244;0.0002753333;0.0002;0.0003;300;1;1;1;300;18288;0.0001;0.0017;18297;18337;0.0002
"PhysX.ScScene.fetchPatchEventsTask";0.0002;0.0001;0.0033;18520;18308;18415;7;7;0.0306999994063517;0.0005293103;0.0002;0.0003;58;1;1;1;58;18290;0.0001;0.0033;18308;18415;0
"ParticleSystem.EndUpdateAll";0.0002;0.0001;0.0014;18525;18293;18565;4;5;0.0760999972844729;0.0002536667;0.0002;0.0003;900;3;3;3;300;18288;0;0.0014;18288;18565;0.0002
"ComputeNeedsPerObjectLights";0.0002;0.0001;0.0044;18529;18290;18436;10;10;0.0866999978752574;0.000289;0.0002;0.0003;301;1;1;2;300;18288;0.0001;0.0044;18290;18436;0.0002
"Update.ScriptRunDelayedDynamicFrameRate";0.0002;0.0001;0.0135;18535;18296;18364;3;3;0.276999998321116;0.0009233333;0.0002;0.0003;300;1;1;1;300;18288;0.0001;0.0135;18296;18364;0.0002
"PostLateUpdate.ParticleSystemEndUpdateAll";0.0002;0.0001;0.0015;18536;18311;18565;3;3;0.0795999979527551;0.0002653333;0.0002;0.0003;300;1;1;1;300;18288;0.0001;0.0015;18311;18565;0.0002
"PhysX.ScScene.constraintProjection";0.0002;0.0001;0.0008;18540;18355;18314;7;7;0.0157999994626152;0.0002724138;0.0002;0.0003;58;1;1;1;58;18290;0.0001;0.0008;18355;18314;0
"EarlyUpdate.PerformanceAnalyticsUpdate";0.0002;0.0001;0.0012;18554;18291;18571;3;3;0.0834999975704704;0.0002783333;0.0002;0.0003;300;1;1;1;300;18288;0.0001;0.0012;18291;18571;0.0003
"ConstraintManager::Update";0.0002;0.0001;0.0012;18555;18305;18337;4;4;0.0832999976482824;0.0002776667;0.0002;0.0003;300;1;1;1;300;18288;0.0001;0.0012;18305;18337;0.0002
"PreLateUpdate.DirectorDeferredEvaluate";0.0002;0.0001;0.0011;18582;18297;18289;3;3;0.0888999977323692;0.0002963333;0.0002;0.0003;300;1;1;1;300;18288;0.0001;0.0011;18297;18289;0.0002
"RenderTarget.SetActive";0.0002;0.0002;0.0002;18587;18587;18587;4;9;0.000199999994947575;0.0002;0.0002;0.0002;4;4;4;4;1;18587;0;0.0001;18587;18587;0
"TextureStreamingManager.Update";0.0001;0;0.0009;18321;18289;18549;4;4;0.0215999994907179;7.2E-05;0;0.0001;300;1;1;1;300;18288;0;0.0009;18289;18549;0
"CanvasUpdate.LatePreRender";0.0001;0;0.0003;18331;18290;18586;8;8;0.0179999995380058;6E-05;0;0.0001;300;1;1;1;300;18288;0;0.0003;18290;18586;0
"CanvasUpdate.PostLayout";0.0001;0;0.0006;18349;18289;18415;8;8;0.0206999994552461;6.9E-05;0;0.0001;300;1;1;1;300;18288;0;0.0006;18289;18415;0.0001
"PreLateUpdate.PhysicsLateUpdate";0.0001;0;0.0009;18353;18289;18547;3;3;0.0215999994252343;7.2E-05;0;0.0001;300;1;1;1;300;18288;0;0.0009;18289;18547;0.0001
"PreUpdate.CheckTexFieldInput";0.0001;0;0.0008;18353;18291;18520;3;3;0.0205999994796002;6.866667E-05;0;0.0001;300;1;1;1;300;18288;0;0.0008;18291;18520;0.0001
"Inl_UniversalRenderPipeline.GetPerObjectLightFlags";0.0001;0;0.0002;18360;18288;18500;8;8;0.019299999512441;6.433333E-05;0;0.0001;301;1;1;2;300;18288;0;0.0002;18288;18500;0.0001
"PhysX.ScScene.processNpLostTouchTask";0.0001;0;0.0002;18364;18296;18319;7;7;0.00379999990400393;6.551724E-05;0;0.0001;58;1;1;1;58;18290;0;0.0002;18296;18319;0
"Profiler.CollectUICanvasStats";0.0001;0;0.0008;18366;18288;18526;3;3;0.022099999441707;7.366666E-05;0;0.0001;300;1;1;1;300;18288;0;0.0008;18288;18526;0
"ParticleSystem.WaitForPreviousRenderingToFinish";0.0001;0;0.0007;18372;18292;18480;5;5;0.026999999259715;8.999999E-05;0;0.0001;300;1;1;1;300;18288;0;0.0007;18292;18480;0
"Send messages";0.0001;0;0.0008;18373;18290;18334;5;5;0.0220999994344311;7.366666E-05;0;0.0001;300;1;1;1;300;18288;0;0.0008;18290;18334;0.0001
"CanvasUpdate.Layout";0.0001;0;0.0005;18376;18292;18337;8;8;0.0229999994553509;7.666666E-05;0;0.0001;300;1;1;1;300;18288;0;0.0005;18292;18337;0
"Setup Debug Properties";0.0001;0;0.0058;18376;18291;18437;9;9;0.0274999993780511;9.166666E-05;0;0.0001;301;1;1;2;300;18288;0;0.0058;18291;18437;0.0001
"Terrain.UpdateSplatProperties";0.0001;0;0.0003;18385;18294;18534;9;9;0.0240999993693549;8.033333E-05;0;0.0001;301;1;1;2;300;18288;0;0.0003;18294;18534;0
"Initialization.SynchronizeState";0.0001;0;0.0006;18389;18289;18448;3;3;0.0239999993646052;8E-05;0;0.0001;300;1;1;1;300;18288;0;0.0006;18289;18448;0.0001
"EditorConnection.RefreshObservablePlayerList";0.0001;0;0.0007;18413;18296;18512;5;5;0.0304999992076773;0.0001016667;0.0001;0.0001;300;1;1;1;300;18288;0;0.0007;18296;18512;0.0001
"ClothManager.UploadSimulatedSkinData";0.0001;0;0.0003;18422;18290;18339;4;4;0.0278999992806348;9.3E-05;0.0001;0.0001;300;1;1;1;300;18288;0;0.0003;18290;18339;0.0001
"Connections.Poll";0.0001;0;0.0009;18423;18289;18442;6;6;0.0288999993281323;9.633333E-05;0.0001;0.0001;300;1;1;1;300;18288;0;0.0009;18289;18442;0.0002
"CanvasUpdate.PreRender";0.0001;0;0.0003;18429;18294;18449;8;8;0.0288999992480967;9.633333E-05;0.0001;0.0001;300;1;1;1;300;18288;0;0.0003;18294;18449;0.0001
"Semaphore.WaitForSignal";0.0001;0;0.0013;18430;18294;18540;3;3;0.0361999990564073;0.0001206667;0.0001;0.0001;324;1;1;4;300;18288;0;0.0008;18294;18576;0.0003
"Inl_Sort Render Passes";0.0001;0;0.0004;18434;18294;18519;8;8;0.0324999990771175;0.0001083333;0.0001;0.0001;301;1;1;2;300;18288;0;0.0004;18294;18519;0
"Physics.SendJointBreakEvents";0.0001;0;0.0007;18436;18308;18296;6;6;0.00719999982538866;0.0001241379;0;0.0001;58;1;1;1;58;18290;0;0.0007;18308;18296;0
"PrepareSceneNodesSetUp";0.0001;0;0.0035;18442;18315;18421;13;13;0.0362999993812991;0.0003025;0.0001;0.0002;234;2;1;5;120;18289;0;0.0035;18289;18421;0
"FindShadowCastingLights";0.0001;0;0.0003;18443;18335;18290;11;11;0.0316999991919147;0.0001056667;0.0001;0.0001;301;1;1;2;300;18288;0;0.0003;18335;18290;0.0001
"SortingGroupManager.Update";0.0001;0;0.0007;18449;18310;18456;4;4;0.0353999990984448;0.000118;0.0001;0.0001;300;1;1;1;300;18288;0;0.0007;18310;18456;0.0001
"EarlyUpdate.PhysicsResetInterpolatedTransformPosition";0.0001;0;0.009;18452;18291;18550;3;3;0.406999995371734;0.001356667;0;0.0002;300;1;1;1;300;18288;0;0.009;18291;18550;0.0001
"PhysX.PostThirdPassTask";0.0001;0;0.0005;18463;18355;18308;7;7;0.00669999986712355;0.0001175439;0.0001;0.0001;57;1;1;1;57;18290;0;0.0005;18355;18308;0
"PostLateUpdate.EndGraphicsJobsAfterScriptLateUpdate";0.0001;0;0.0004;18469;18418;18565;3;3;0.0354999991031946;0.0001183333;0.0001;0.0001;300;1;1;1;300;18288;0;0.0004;18418;18565;0.0001
"ScheduleCullingGroups";0.0001;0;0.0007;18474;18289;18357;8;8;0.0395999989559641;0.000132;0.0001;0.0002;301;1;1;2;300;18288;0;0.0007;18289;18357;0.0001
"Shadows.Sort";0.0001;0;0.0051;18483;18302;18557;16;16;0.0507999986584764;0.0001788732;0.0001;0.0002;464;2;1;4;284;18288;0;0.005;18299;18557;0.0001
"CombineJobResults";0.0001;0;0.0008;18484;18337;18536;12;12;0.0097999997306033;0.000125641;0.0001;0.0001;81;1;1;2;78;18288;0;0.0008;18337;18536;0
"Physics.CalculateChangedBodyTransforms";0.0001;0.0001;0.0002;18496;18290;18314;6;6;0.00789999980042921;0.0001362069;0.0001;0.0002;58;1;1;1;58;18290;0.0001;0.0002;18290;18314;0
"Inl_ScriptableRenderer.AddRenderPasses";0.0001;0;0.0007;18506;18298;18352;7;7;0.0430999988675467;0.0001436667;0.0001;0.0002;301;1;1;2;300;18288;0;0.0007;18298;18352;0.0001
"PreLateUpdate.DirectorUpdateAnimationBegin";0.0001;0.0001;0.0003;18513;18289;18288;3;3;0.0421999988684547;0.0001406667;0.0001;0.0002;300;1;1;1;300;18288;0.0001;0.0003;18289;18288;0.0002
"PostLateUpdate.BatchModeUpdate";0.0001;0;0.0014;18514;18303;18552;3;3;0.0449999988486525;0.00015;0.0001;0.0002;300;1;1;1;300;18288;0;0.0014;18303;18552;0.0002
"PhysX.ScScene.unblockNarrowPhase";0.0001;0.0001;0.0005;18517;18290;18296;7;7;0.00949999973818194;0.0001637931;0.0001;0.0002;58;1;1;1;58;18290;0.0001;0.0005;18290;18296;0
"TextRendering.CollectGarbage";0.0001;0;0.0008;18521;18316;18533;4;4;0.046099998675345;0.0001536667;0.0001;0.0002;300;1;1;1;300;18288;0;0.0008;18316;18533;0.0002
"FixedUpdate.XRFixedUpdate";0.0001;0.0001;0.0003;18525;18296;18569;3;3;0.00869999977294356;0.00015;0.0001;0.0002;58;1;1;1;58;18290;0.0001;0.0003;18296;18569;0
"Inl_RenderPipeline.BeginCameraRendering";0.0001;0.0001;0.0008;18526;18291;18288;6;6;0.0460999987481046;0.0001536667;0.0001;0.0002;301;1;1;2;300;18288;0.0001;0.0008;18291;18288;0.0001
"EarlyUpdate.GpuTimestamp";0.0001;0;0.0008;18531;18325;18567;3;3;0.0438999988546129;0.0001463333;0.0001;0.0002;300;1;1;1;300;18288;0;0.0008;18325;18567;0.0001
"PhysX.ScScene.updateBodiesAndShapes";0.0001;0.0001;0.0008;18535;18290;18529;7;7;0.00959999974293169;0.0001655172;0.0001;0.0002;58;1;1;1;58;18290;0.0001;0.0008;18290;18529;0
"PreLateUpdate.DirectorUpdateAnimationEnd";0.0001;0.0001;0.0011;18535;18289;18473;3;3;0.045899998753157;0.000153;0.0001;0.0002;300;1;1;1;300;18288;0.0001;0.0011;18289;18473;0.0001
"Terrain.Trees.OnWillRender";0.0001;0;0.0009;18535;18292;18298;9;11;0.0444999987666961;0.0001483333;0.0001;0.0002;602;2;2;4;300;18288;0;0.0006;18290;18298;0
"NavMeshManager";0.0001;0;0.0016;18537;18298;18337;4;4;0.0524999986446346;0.000175;0.0001;0.0002;300;1;1;1;300;18288;0;0.0016;18298;18337;0
"Physics.UpdateVehicles";0.0001;0.0001;0.0002;18545;18308;18290;5;5;0.00849999978527194;0.0001465517;0.0001;0.0002;58;1;1;1;58;18290;0.0001;0.0002;18308;18290;0
"FixedUpdate.ClearLines";0.0001;0;0.0004;18555;18308;18550;3;3;0.00939999971160432;0.000162069;0.0001;0.0002;58;1;1;1;58;18290;0;0.0004;18308;18550;0
"UpdateRendererBoundingVolumes";0.0001;0.0001;0.0004;18569;18290;18586;5;5;0.045399998765788;0.0001513333;0.0001;0.0002;300;1;1;1;300;18288;0.0001;0.0004;18290;18586;0.0001
"PhysX.ScScene.ccdBroadPhaseAABB";0.0001;0.0001;0.0007;18574;18290;18502;7;7;0.00949999978911364;0.0001637931;0.0001;0.0002;58;1;1;1;58;18290;0.0001;0.0007;18290;18502;0
"SoundManager.Update";0.0001;0;0.0008;18580;18343;18335;4;4;0.054099998473248;0.0001803333;0.0001;0.0002;300;1;1;1;300;18288;0;0.0008;18343;18335;0.0002
"PostLateUpdate.PhysicsSkinnedClothFinishUpdate";0.0001;0.0001;0.0008;18587;18288;18446;3;3;0.0476999987440649;0.000159;0.0001;0.0002;300;1;1;1;300;18288;0.0001;0.0008;18288;18446;0.0002
"DelayedCallManager.CancelCallDelayed";0;0;0;18342;18342;18342;6;6;0;0;0;0;1;1;1;1;1;18342;0;0;18342;18342;0
"GfxResource.Register";0;0;0;18354;18342;18342;4;9;0;0;0;0;71;2;2;23;25;18342;0;0;18342;18342;0
"Active Constraints";0;0;0;18437;18288;18288;3;5;0;0;0;0;358;1;1;2;300;18288;0;0;18288;18288;0
"Active Dynamic Bodies";0;0;0;18437;18288;18288;3;5;0;0;0;0;358;1;1;2;300;18288;0;0;18288;18288;0
"Active Kinematic Bodies";0;0;0;18437;18288;18288;3;5;0;0;0;0;358;1;1;2;300;18288;0;0;18288;18288;0
"Added Contacts";0;0;0;18437;18288;18288;3;3;0;0;0;0;300;1;1;1;300;18288;0;0;18288;18288;0
"AnimationClip Count";0;0;0;18437;18288;18288;3;3;0;0;0;0;300;1;1;1;300;18288;0;0;18288;18288;0
"AnimationClip Memory";0;0;0;18437;18288;18288;3;3;0;0;0;0;300;1;1;1;300;18288;0;0;18288;18288;0
"App Committed Memory";0;0;0;18437;18288;18288;3;3;0;0;0;0;300;1;1;1;300;18288;0;0;18288;18288;0
"App Resident Memory";0;0;0;18437;18288;18288;3;3;0;0;0;0;300;1;1;1;300;18288;0;0;18288;18288;0
"Articulation Bodies";0;0;0;18437;18288;18288;3;5;0;0;0;0;358;1;1;2;300;18288;0;0;18288;18288;0
"Asleep Bodies";0;0;0;18437;18288;18288;3;3;0;0;0;0;300;1;1;1;300;18288;0;0;18288;18288;0
"Asleep Shapes";0;0;0;18437;18288;18288;3;3;0;0;0;0;300;1;1;1;300;18288;0;0;18288;18288;0
"Asset Count";0;0;0;18437;18288;18288;3;3;0;0;0;0;300;1;1;1;300;18288;0;0;18288;18288;0
"Atlases";0;0;0;18437;18288;18288;3;3;0;0;0;0;300;1;1;1;300;18288;0;0;18288;18288;0
"Audio Reads";0;0;0;18437;18288;18288;3;3;0;0;0;0;300;1;1;1;300;18288;0;0;18288;18288;0
"Audio Reserved Memory";0;0;0;18437;18288;18288;3;3;0;0;0;0;300;1;1;1;300;18288;0;0;18288;18288;0
"Audio Used Memory";0;0;0;18437;18288;18288;3;3;0;0;0;0;300;1;1;1;300;18288;0;0;18288;18288;0
"AudioClip Count";0;0;0;18437;18288;18288;3;3;0;0;0;0;300;1;1;1;300;18288;0;0;18288;18288;0
"AudioClip Memory";0;0;0;18437;18288;18288;3;3;0;0;0;0;300;1;1;1;300;18288;0;0;18288;18288;0
"Awake Bodies";0;0;0;18437;18288;18288;3;3;0;0;0;0;300;1;1;1;300;18288;0;0;18288;18288;0
"Awake Shapes";0;0;0;18437;18288;18288;3;3;0;0;0;0;300;1;1;1;300;18288;0;0;18288;18288;0
"Broadphase Adds";0;0;0;18437;18288;18288;3;5;0;0;0;0;358;1;1;2;300;18288;0;0;18288;18288;0
"Broadphase Adds/Removes";0;0;0;18437;18288;18288;3;5;0;0;0;0;358;1;1;2;300;18288;0;0;18288;18288;0
"Broadphase Pairs";0;0;0;18437;18288;18288;3;3;0;0;0;0;300;1;1;1;300;18288;0;0;18288;18288;0
"Broadphase Removes";0;0;0;18437;18288;18288;3;5;0;0;0;0;358;1;1;2;300;18288;0;0;18288;18288;0
"Broadphase Updates";0;0;0;18437;18288;18288;3;3;0;0;0;0;300;1;1;1;300;18288;0;0;18288;18288;0
"Colliders Synced";0;0;0;18437;18288;18288;3;5;0;0;0;0;358;1;1;2;300;18288;0;0;18288;18288;0
"Collision Enter";0;0;0;18437;18288;18288;3;3;0;0;0;0;300;1;1;1;300;18288;0;0;18288;18288;0
"Collision Exit";0;0;0;18437;18288;18288;3;3;0;0;0;0;300;1;1;1;300;18288;0;0;18288;18288;0
"Collision Stay";0;0;0;18437;18288;18288;3;3;0;0;0;0;300;1;1;1;300;18288;0;0;18288;18288;0
"Continuous Bodies";0;0;0;18437;18288;18288;3;3;0;0;0;0;300;1;1;1;300;18288;0;0;18288;18288;0
"Continuous Overlaps";0;0;0;18437;18288;18288;3;5;0;0;0;0;358;1;1;2;300;18288;0;0;18288;18288;0
"CPU Main Thread Frame Time";0;0;0;18437;18288;18288;3;3;0;0;0;0;300;1;1;1;300;18288;0;0;18288;18288;0
"CPU Render Thread Frame Time";0;0;0;18437;18288;18288;3;3;0;0;0;0;300;1;1;1;300;18288;0;0;18288;18288;0
"CPU Total Frame Time";0;0;0;18437;18288;18288;3;3;0;0;0;0;300;1;1;1;300;18288;0;0;18288;18288;0
"Discreet Overlaps";0;0;0;18437;18288;18288;3;5;0;0;0;0;358;1;1;2;300;18288;0;0;18288;18288;0
"Discrete Bodies";0;0;0;18437;18288;18288;3;3;0;0;0;0;300;1;1;1;300;18288;0;0;18288;18288;0
"Dynamic Bodies";0;0;0;18437;18288;18288;3;5;0;0;0;0;658;2;2;3;300;18288;0;0;18288;18288;0
"Dynamic Shapes";0;0;0;18437;18288;18288;3;3;0;0;0;0;300;1;1;1;300;18288;0;0;18288;18288;0
"Entities Reads";0;0;0;18437;18288;18288;3;3;0;0;0;0;300;1;1;1;300;18288;0;0;18288;18288;0
"File Bytes Read";0;0;0;18437;18288;18288;3;3;0;0;0;0;300;1;1;1;300;18288;0;0;18288;18288;0
"File Bytes Written";0;0;0;18437;18288;18288;3;3;0;0;0;0;300;1;1;1;300;18288;0;0;18288;18288;0
"File Handles Open";0;0;0;18437;18288;18288;3;3;0;0;0;0;300;1;1;1;300;18288;0;0;18288;18288;0
"File Reads Finished";0;0;0;18437;18288;18288;3;3;0;0;0;0;300;1;1;1;300;18288;0;0;18288;18288;0
"File Reads Started";0;0;0;18437;18288;18288;3;3;0;0;0;0;300;1;1;1;300;18288;0;0;18288;18288;0
"File Seeks";0;0;0;18437;18288;18288;3;3;0;0;0;0;300;1;1;1;300;18288;0;0;18288;18288;0
"Files Closed";0;0;0;18437;18288;18288;3;3;0;0;0;0;300;1;1;1;300;18288;0;0;18288;18288;0
"Files Opened";0;0;0;18437;18288;18288;3;3;0;0;0;0;300;1;1;1;300;18288;0;0;18288;18288;0
"Game Object Count";0;0;0;18437;18288;18288;3;3;0;0;0;0;300;1;1;1;300;18288;0;0;18288;18288;0
"GC Allocated In Frame";0;0;0;18437;18288;18288;3;3;0;0;0;0;300;1;1;1;300;18288;0;0;18288;18288;0
"GC Allocation In Frame Count";0;0;0;18437;18288;18288;3;3;0;0;0;0;300;1;1;1;300;18288;0;0;18288;18288;0
"GC Reserved Memory";0;0;0;18437;18288;18288;3;3;0;0;0;0;300;1;1;1;300;18288;0;0;18288;18288;0
"GC Used Memory";0;0;0;18437;18288;18288;3;3;0;0;0;0;300;1;1;1;300;18288;0;0;18288;18288;0
"GetContacts Queries";0;0;0;18437;18288;18288;3;3;0;0;0;0;300;1;1;1;300;18288;0;0;18288;18288;0
"Gfx Reserved Memory";0;0;0;18437;18288;18288;3;3;0;0;0;0;300;1;1;1;300;18288;0;0;18288;18288;0
"Gfx Used Memory";0;0;0;18437;18288;18288;3;3;0;0;0;0;300;1;1;1;300;18288;0;0;18288;18288;0
"Global Illumination Support";0;0;0;18437;18288;18288;3;3;0;0;0;0;300;1;1;1;300;18288;0;0;18288;18288;0
"GPU Frame Time";0;0;0;18437;18288;18288;3;3;0;0;0;0;300;1;1;1;300;18288;0;0;18288;18288;0
"IsTouching Queries";0;0;0;18437;18288;18288;3;3;0;0;0;0;300;1;1;1;300;18288;0;0;18288;18288;0
"KickJobs";0;0;0;18437;18288;18288;5;12;0;0;0;0;3008;10;10;18;300;18288;0;0;18288;18288;0
"Kinematic Bodies";0;0;0;18437;18288;18288;3;3;0;0;0;0;300;1;1;1;300;18288;0;0;18288;18288;0
"Kinematic Shapes";0;0;0;18437;18288;18288;3;3;0;0;0;0;300;1;1;1;300;18288;0;0;18288;18288;0
"Material Count";0;0;0;18437;18288;18288;3;3;0;0;0;0;300;1;1;1;300;18288;0;0;18288;18288;0
"Material Memory";0;0;0;18437;18288;18288;3;3;0;0;0;0;300;1;1;1;300;18288;0;0;18288;18288;0
"Max Cache Demand";0;0;0;18437;18288;18288;3;3;0;0;0;0;300;1;1;1;300;18288;0;0;18288;18288;0
"Max Cache Mip Bias";0;0;0;18437;18288;18288;3;3;0;0;0;0;300;1;1;1;300;18288;0;0;18288;18288;0
"Mesh Count";0;0;0;18437;18288;18288;3;3;0;0;0;0;300;1;1;1;300;18288;0;0;18288;18288;0
"Mesh Memory";0;0;0;18437;18288;18288;3;3;0;0;0;0;300;1;1;1;300;18288;0;0;18288;18288;0
"Mesh Reads";0;0;0;18437;18288;18288;3;3;0;0;0;0;300;1;1;1;300;18288;0;0;18288;18288;0
"Missing Disk Data";0;0;0;18437;18288;18288;3;3;0;0;0;0;300;1;1;1;300;18288;0;0;18288;18288;0
"Missing Streaming Tiles";0;0;0;18437;18288;18288;3;3;0;0;0;0;300;1;1;1;300;18288;0;0;18288;18288;0
"Modified Overlaps";0;0;0;18437;18288;18288;3;5;0;0;0;0;358;1;1;2;300;18288;0;0;18288;18288;0
"Narrowphase Lost Touches";0;0;0;18437;18288;18288;3;5;0;0;0;0;358;1;1;2;300;18288;0;0;18288;18288;0
"Narrowphase New Touches";0;0;0;18437;18288;18288;3;5;0;0;0;0;358;1;1;2;300;18288;0;0;18288;18288;0
"Narrowphase Touches";0;0;0;18437;18288;18288;3;5;0;0;0;0;358;1;1;2;300;18288;0;0;18288;18288;0
"Object Count";0;0;0;18437;18288;18288;3;3;0;0;0;0;300;1;1;1;300;18288;0;0;18288;18288;0
"Other Reads";0;0;0;18437;18288;18288;3;3;0;0;0;0;300;1;1;1;300;18288;0;0;18288;18288;0
"Overlap Queries";0;0;0;18437;18288;18288;3;3;0;0;0;0;300;1;1;1;300;18288;0;0;18288;18288;0
"Overlaps";0;0;0;18437;18288;18288;3;5;0;0;0;0;358;1;1;2;300;18288;0;0;18288;18288;0
"Particle Queries";0;0;0;18437;18288;18288;3;3;0;0;0;0;300;1;1;1;300;18288;0;0;18288;18288;0
"Physics Queries";0;0;0;18437;18288;18288;3;5;0;0;0;0;358;1;1;2;300;18288;0;0;18288;18288;0
"Physics Used Memory";0;0;0;18437;18288;18288;3;5;0;0;0;0;358;1;1;2;300;18288;0;0;18288;18288;0
"Physics Used Memory (2D)";0;0;0;18437;18288;18288;3;3;0;0;0;0;300;1;1;1;300;18288;0;0;18288;18288;0
"Profiler Reserved Memory";0;0;0;18437;18288;18288;3;3;0;0;0;0;300;1;1;1;300;18288;0;0;18288;18288;0
"Profiler Used Memory";0;0;0;18437;18288;18288;3;3;0;0;0;0;300;1;1;1;300;18288;0;0;18288;18288;0
"Raycast Queries";0;0;0;18437;18288;18288;3;3;0;0;0;0;300;1;1;1;300;18288;0;0;18288;18288;0
"Read From Disk";0;0;0;18437;18288;18288;3;3;0;0;0;0;300;1;1;1;300;18288;0;0;18288;18288;0
"Reads in Flight";0;0;0;18437;18288;18288;3;3;0;0;0;0;300;1;1;1;300;18288;0;0;18288;18288;0
"Removed Contacts";0;0;0;18437;18288;18288;3;3;0;0;0;0;300;1;1;1;300;18288;0;0;18288;18288;0
"Render Textures Bytes";0;0;0;18437;18288;18288;3;3;0;0;0;0;300;1;1;1;300;18288;0;0;18288;18288;0
"Render Textures Count";0;0;0;18437;18288;18288;3;3;0;0;0;0;300;1;1;1;300;18288;0;0;18288;18288;0
"Required Tiles";0;0;0;18437;18288;18288;3;3;0;0;0;0;300;1;1;1;300;18288;0;0;18288;18288;0
"Rigidbodies Synced";0;0;0;18437;18288;18288;3;5;0;0;0;0;358;1;1;2;300;18288;0;0;18288;18288;0
"Scene Object Count";0;0;0;18437;18288;18288;3;3;0;0;0;0;300;1;1;1;300;18288;0;0;18288;18288;0
"ScheduleAllocJob";0;0;0;18437;18288;18288;7;12;0;0;0;0;2408;8;8;16;300;18288;0;0;18288;18288;0
"ScheduleJob";0;0;0;18437;18288;18288;6;14;0;0;0;0;6224;18;18;36;300;18288;0;0;18288;18288;0
"Scripting Reads";0;0;0;18437;18288;18288;3;3;0;0;0;0;300;1;1;1;300;18288;0;0;18288;18288;0
"Shapecast Queries";0;0;0;18437;18288;18288;3;3;0;0;0;0;300;1;1;1;300;18288;0;0;18288;18288;0
"Solver Continuous Islands";0;0;0;18437;18288;18288;3;3;0;0;0;0;300;1;1;1;300;18288;0;0;18288;18288;0
"Solver Discrete Islands";0;0;0;18437;18288;18288;3;3;0;0;0;0;300;1;1;1;300;18288;0;0;18288;18288;0
"Solver Simulation Count";0;0;0;18437;18288;18288;3;3;0;0;0;0;300;1;1;1;300;18288;0;0;18288;18288;0
"Solver World Count";0;0;0;18437;18288;18288;3;3;0;0;0;0;300;1;1;1;300;18288;0;0;18288;18288;0
"Static Bodies";0;0;0;18437;18288;18288;3;3;0;0;0;0;300;1;1;1;300;18288;0;0;18288;18288;0
"Static Colliders";0;0;0;18437;18288;18288;3;5;0;0;0;0;358;1;1;2;300;18288;0;0;18288;18288;0
"Static Shapes";0;0;0;18437;18288;18288;3;3;0;0;0;0;300;1;1;1;300;18288;0;0;18288;18288;0
"System Total Used Memory";0;0;0;18437;18288;18288;3;3;0;0;0;0;300;1;1;1;300;18288;0;0;18288;18288;0
"System Used Memory";0;0;0;18437;18288;18288;3;3;0;0;0;0;300;1;1;1;300;18288;0;0;18288;18288;0
"Texture Count";0;0;0;18437;18288;18288;3;3;0;0;0;0;300;1;1;1;300;18288;0;0;18288;18288;0
"Texture Memory";0;0;0;18437;18288;18288;3;3;0;0;0;0;300;1;1;1;300;18288;0;0;18288;18288;0
"Texture Reads";0;0;0;18437;18288;18288;3;3;0;0;0;0;300;1;1;1;300;18288;0;0;18288;18288;0
"Total Bodies";0;0;0;18437;18288;18288;3;3;0;0;0;0;300;1;1;1;300;18288;0;0;18288;18288;0
"Total Callbacks";0;0;0;18437;18288;18288;3;3;0;0;0;0;300;1;1;1;300;18288;0;0;18288;18288;0
"Total Contacts";0;0;0;18437;18288;18288;3;3;0;0;0;0;300;1;1;1;300;18288;0;0;18288;18288;0
"Total CPU Cache Size";0;0;0;18437;18288;18288;3;3;0;0;0;0;300;1;1;1;300;18288;0;0;18288;18288;0
"Total GPU Cache Size";0;0;0;18437;18288;18288;3;3;0;0;0;0;300;1;1;1;300;18288;0;0;18288;18288;0
"Total Joints";0;0;0;18437;18288;18288;3;3;0;0;0;0;300;1;1;1;300;18288;0;0;18288;18288;0
"Total Queries";0;0;0;18437;18288;18288;3;3;0;0;0;0;300;1;1;1;300;18288;0;0;18288;18288;0
"Total Reserved Memory";0;0;0;18437;18288;18288;3;3;0;0;0;0;300;1;1;1;300;18288;0;0;18288;18288;0
"Total Shapes";0;0;0;18437;18288;18288;3;3;0;0;0;0;300;1;1;1;300;18288;0;0;18288;18288;0
"Total Transform Sync Calls";0;0;0;18437;18288;18288;3;3;0;0;0;0;300;1;1;1;300;18288;0;0;18288;18288;0
"Total Used Memory";0;0;0;18437;18288;18288;3;3;0;0;0;0;300;1;1;1;300;18288;0;0;18288;18288;0
"Transform Parent Sync Bodies";0;0;0;18437;18288;18288;3;3;0;0;0;0;300;1;1;1;300;18288;0;0;18288;18288;0
"Transform Parent Sync Colliders";0;0;0;18437;18288;18288;3;3;0;0;0;0;300;1;1;1;300;18288;0;0;18288;18288;0
"Transform Sync Bodies";0;0;0;18437;18288;18288;3;3;0;0;0;0;300;1;1;1;300;18288;0;0;18288;18288;0
"Transform Sync Colliders";0;0;0;18437;18288;18288;3;3;0;0;0;0;300;1;1;1;300;18288;0;0;18288;18288;0
"Trigger Enter";0;0;0;18437;18288;18288;3;3;0;0;0;0;300;1;1;1;300;18288;0;0;18288;18288;0
"Trigger Exit";0;0;0;18437;18288;18288;3;3;0;0;0;0;300;1;1;1;300;18288;0;0;18288;18288;0
"Trigger Overlaps";0;0;0;18437;18288;18288;3;5;0;0;0;0;416;1;1;3;300;18288;0;0;18288;18288;0
"Trigger Stay";0;0;0;18437;18288;18288;3;3;0;0;0;0;300;1;1;1;300;18288;0;0;18288;18288;0
"Video Reserved Memory";0;0;0;18437;18288;18288;3;3;0;0;0;0;300;1;1;1;300;18288;0;0;18288;18288;0
"Video Used Memory";0;0;0;18437;18288;18288;3;3;0;0;0;0;300;1;1;1;300;18288;0;0;18288;18288;0
"Virtual Texture Reads";0;0;0;18437;18288;18288;3;3;0;0;0;0;300;1;1;1;300;18288;0;0;18288;18288;0
"WaitForCompleted";0;0;0;18437;18288;18288;3;13;0;0;0;0;5200;17;17;35;300;18288;0;0;18288;18288;0
"BeginJob";0;0;0;18440;18288;18288;11;15;0;0;0;0;896;3;1;11;293;18288;0;0;18288;18288;0
"EndJob";0;0;0;18440;18288;18288;11;15;0;0;0;0;896;3;1;11;293;18288;0;0;18288;18288;0
"Physics.WriteColliderPoses";0;0;0.0001;18485;18290;18296;6;6;0.00149999996210681;2.586207E-05;0;0;58;1;1;1;58;18290;0;0.0001;18290;18296;0
"PostLateUpdate.UpdateCaptureScreenshot";0;0;0.0001;18494;18288;18291;3;3;0.00939999976253603;3.133333E-05;0;0.0001;300;1;1;1;300;18288;0;0.0001;18288;18291;0.0001
"Physics.WriteRigidbodyPoses";0;0;0.0002;18502;18296;18507;6;6;0.00189999995200196;3.275862E-05;0;0.0001;58;1;1;1;58;18290;0;0.0002;18296;18507;0
"CullingGroupSendEvents";0;0;0.0001;18524;18288;18289;8;8;0.0106999997296953;3.566666E-05;0;0.0001;301;1;1;2;300;18288;0;0.0001;18288;18289;0.0001
"PostLateUpdate.ResetInputAxis";0;0;0.0003;18548;18288;18549;3;3;0.0130999996617902;4.366667E-05;0;0.0001;300;1;1;1;300;18288;0;0.0003;18288;18549;0.0001
"ConstraintManager::Update::JobSetup";0;0;0.0004;18555;18288;18337;5;5;0.0146999996286468;4.9E-05;0;0.0001;300;1;1;1;300;18288;0;0.0004;18288;18337;0.0001
"Connections.Process";0;0;0.0002;18568;18288;18404;6;6;0.0144999996336992;4.833333E-05;0;0.0001;300;1;1;1;300;18288;0;0.0002;18288;18404;0.0001
"UIEvents.AlignCanvasRectTransformWithCamera";0;0;0.0001;18572;18288;18292;4;4;0.0141999996412778;4.733333E-05;0;0.0001;300;1;1;1;300;18288;0;0.0001;18288;18292;0.0001
"PhysX.Completion Task";0;0;0.0001;18585;18290;18308;7;7;0.00289999992673984;5E-05;0;0.0001;58;1;1;1;58;18290;0;0.0001;18290;18308;0
"Component.SetGameObject";0;0;0;18587;18587;18587;4;4;0;0;0;0;1;1;1;1;1;18587;0;0;18587;18587;0
"Object.Register";0;0;0;18587;18587;18587;4;9;0;0;0;0;133;133;133;133;1;18587;0;0;18587;18587;0
"Object.SetName";0;0;0;18587;18587;18587;4;9;0;0;0;0;94;94;94;94;1;18587;0;0;18587;18587;0
